,연도,분류,학제,학교명,학교상태,본분교,시도,시군구,설립,주야구분,주소,학과수_전체,지원자_전체_계,입학자_전체_계,재적생_전체_계,재학생_전체_계,유예생_전체_계,휴학생_전체_계,외국인유학생_학사_계,전임교원_계,비전임교원_계,시간강사_계,직원_계,경도,위도,입학정원,모집인원_정원내,지원자_정원내,입학자_정원내,신입생_충원율
0,2020,university,대학교,강릉원주대학교,기존,본교,강원,강원 강릉시,국립,주간,"강원도 강릉시 죽헌길 7 (지변동, 강릉원주대학교)",43,7332,1444,7989,5775,62,2152,151,283,343,0,390,128.8683945,37.76832384,1344.0,1347.0,6940.0,1345.0,99.9
1,2020,university,대학교,강릉원주대학교 _제2캠퍼스,기존,제2캠퍼스,강원,강원 원주시,국립,주간,"강원도 원주시 흥업면 남원로 150 (흥업리, 강릉원주대학교원주캠퍼스)",13,3794,510,2873,2061,32,780,2,93,40,0,0,127.9210379,37.30431429,489.0,488.0,3630.0,485.0,99.4
2,2020,university,대학교,강원대학교,기존,본교,강원,강원 춘천시,국립,주간,"강원도 춘천시 강원대학길 1 (효자동, 강원대학교)",253,19346,3171,20830,13821,112,6897,265,636,919,0,548,127.74704140000001,37.86729477,2958.0,2966.0,18321.0,2958.0,99.7
3,2020,university,대학교,강원대학교 _제2캠퍼스,기존,제2캠퍼스,강원,강원 삼척시,국립,주간,"강원도 삼척시 중앙로 346 (교동, 강원대학교삼척캠퍼스)",131,6753,1614,9924,5766,15,4143,52,197,289,0,267,129.162037,37.45390618,1529.0,1535.0,6368.0,1528.0,99.5
4,2020,university,대학교,경북대학교,기존,본교,대구,대구 북구,국립,주간,"대구광역시 북구 대학로 80 (산격동, 경북대학교)",179,51120,5078,30423,22303,210,7910,627,1219,1442,0,963,128.6091029,35.88556134,4614.0,4627.0,48373.0,4618.0,99.8
5,2020,university,대학교,경상대학교,기존,본교,경남,경남 진주시,국립,주간,"경상남도 진주시 진주대로 501 (가좌동, 경상대학교)",120,20272,3253,19254,13989,148,5117,275,816,1080,0,543,128.0984744,35.15057853,3032.0,3033.0,19236.0,3028.0,99.8
6,2020,university,대학교,공주대학교,기존,본교,충남,충남 공주시,국립,주간,"충청남도 공주시 공주대학로 56 (신관동, 공주대학교)",130,21039,3153,16925,12945,82,3898,188,557,794,0,529,127.1397518,36.47045487,2730.0,2737.0,19623.0,2731.0,99.8
7,2020,university,대학교,군산대학교,기존,본교,전북,전북 군산시,국립,주간,"전라북도 군산시 대학로 558 (미룡동, 군산대학교)",58,8707,1881,9945,7313,29,2603,151,341,277,0,273,126.6803561,35.95034472,1735.0,1735.0,8134.0,1732.0,99.8
8,2020,university,대학교,금오공과대학교,기존,본교,경북,경북 구미시,국립,주야간,"경상북도 구미시 대학로 61 (양호동, 금오공과대학교)",42,7283,1310,8240,5574,57,2609,30,231,209,0,249,128.3962769,36.14249038,1206.0,1210.0,6709.0,1206.0,99.7
9,2020,university,대학교,목포대학교,기존,본교,전남,전남 무안군,국립,주간,"전라남도 무안군 청계면 영산로 1666 (도림리, 목포대학교)",95,9441,1784,9961,7329,6,2626,94,316,395,0,267,126.43388020000002,34.90703063,1576.0,1591.0,8646.0,1575.0,99.0
10,2020,university,대학교,목포해양대학교,기존,본교,전남,전남 목포시,국립,주간,"전라남도 목포시 해양대학로 91 (죽교동, 목포해양대학교)",16,2966,738,3088,2548,7,533,9,123,90,0,208,126.3616178,34.79834324,691.0,694.0,2822.0,692.0,99.7
11,2020,university,대학교,부경대학교,기존,본교,부산,부산 남구,국립,주야간,"부산광역시 남구 용소로 45 (대연동, 부경대학교대연캠퍼스)",102,25201,3680,22365,16094,259,6012,826,585,837,0,596,129.1038082,35.1354245,3270.0,3273.0,23588.0,3265.0,99.8
12,2020,university,대학교,부산대학교,기존,본교,부산,부산 금정구,국립,주간,"부산광역시 금정구 부산대학로63번길 2 (장전동, 부산대학교)",108,47263,4516,28124,20502,408,7214,531,1139,1719,0,511,129.0833278,35.23036189,4181.0,4190.0,44843.0,4185.0,99.9
13,2020,university,대학교,서울대학교,기존,본교,서울,서울 관악구,국립대법인,주간,"서울특별시 관악구 관악로 1 (신림동, 서울대학교)",128,21379,3378,21404,16608,0,4796,226,1692,2863,0,1674,126.9502884,37.45425061,3130.0,3134.0,19760.0,3129.0,99.8
14,2020,university,대학교,순천대학교,기존,본교,전남,전남 순천시,국립,주야간,"전라남도 순천시 중앙로 255 (석현동, 순천대학교)",77,9090,1748,9545,6988,45,2512,132,324,386,0,284,127.48368549999999,34.96757963,1588.0,1595.0,8512.0,1585.0,99.4
15,2020,university,대학교,안동대학교,기존,본교,경북,경북 안동시,국립,주간,"경상북도 안동시 경동로 1375 (송천동, 안동대학교)",58,7698,1537,8608,5862,73,2673,29,267,324,0,272,128.7963541,36.54551968,1456.0,1461.0,7219.0,1459.0,99.9
16,2020,university,대학교,전남대학교,기존,본교,광주,광주 북구,국립,주간,"광주광역시 북구 용봉로 77 (용봉동, 전남대학교)",103,22350,3466,22366,16381,289,5696,835,985,1156,0,603,126.9015827,35.17651747,3188.0,3192.0,20940.0,3191.0,100.0
17,2020,university,대학교,전남대학교 _제2캠퍼스,기존,제2캠퍼스,전남,전남 여수시,국립,주간,"전라남도 여수시 대학로 50 (둔덕동, 전남대학교여수캠퍼스)",32,4534,829,4136,2704,17,1415,73,153,123,0,174,127.7003428,34.7762612,702.0,706.0,4070.0,704.0,99.7
18,2020,university,대학교,전북대학교,기존,본교,전북,전북 전주시,국립,주간,"전라북도 전주시 덕진구 백제대로 567 (금암동, 전북대학교)",164,25891,4169,25129,18364,225,6540,729,997,1497,0,662,127.1325381,35.84660195,3788.0,3809.0,24461.0,3798.0,99.7
19,2020,university,대학교,제주대학교,기존,본교,제주,제주 제주시,국립,주야간,"제주특별자치도 제주시 제주대학로 102 (아라일동, 제주대학교)",106,12718,2296,14227,9939,50,4238,331,452,785,0,445,126.5567759,33.45174268,2080.0,2086.0,12112.0,2082.0,99.8
20,2020,university,대학교,창원대학교,기존,본교,경남,경남 창원시,국립,주야간,"경상남도 창원시 의창구 창원대학로 20 (사림동, 창원대학교)",52,10774,1940,11219,7915,54,3250,107,340,558,0,320,128.6987327,35.24115922,1754.0,1763.0,10125.0,1755.0,99.5
21,2020,university,대학교,충남대학교,기존,본교,대전,대전 유성구,국립,주간,"대전광역시 유성구 대학로 99 (궁동, 충남대학교)",128,30639,3707,23166,17670,109,5387,526,922,1297,0,790,127.3404341,36.36595163,3425.0,3430.0,28641.0,3422.0,99.8
22,2020,university,대학교,충북대학교,기존,본교,충북,충북 청주시,국립,주간,"충청북도 청주시 서원구 충대로 1 (개신동, 충북대학교)",111,28376,3035,18490,13277,126,5087,573,730,1049,0,535,127.45327150000001,36.63275656,2738.0,2742.0,26828.0,2738.0,99.9
23,2020,university,대학교,한국교원대학교,기존,본교,충북,충북 청주시,국립,주간,"충청북도 청주시 흥덕구 강내면 태성탑연로 250 (다락리, 한국교원대학교)",24,2700,590,2692,2418,9,265,3,196,419,0,317,127.35922790000001,36.61401701,546.0,549.0,2519.0,549.0,100.0
24,2020,university,대학교,한국체육대학교,기존,본교,서울,서울 송파구,국립,주간,"서울특별시 송파구 양재대로 1239 (방이동, 한국체육대학교)",10,2025,585,3191,2512,47,632,8,111,177,0,148,127.13137490000001,37.52067604,545.0,547.0,1915.0,545.0,99.6
25,2020,university,대학교,한국해양대학교,기존,본교,부산,부산 영도구,국립,주간,"부산광역시 영도구 태종로 727 (동삼동, 한국해양대학교)",44,8443,1571,8331,6422,104,1805,30,255,372,0,290,129.0868543,35.07608393,1440.0,1440.0,8149.0,1439.0,99.9
26,2020,university,대학교,한국교통대학교,기존,본교,충북,충북 충주시,국립,주야간,"충청북도 충주시 대소원면 대학로 50 (검단리, 한국교통대학교)",86,11810,2114,12019,8254,36,3729,59,321,303,0,319,127.87360579999999,36.97339224,1911.0,1920.0,10994.0,1914.0,99.7
27,2020,university,대학교,경남과학기술대학교,기존,본교,경남,경남 진주시,국립,주야간,"경상남도 진주시 동진로 33 (칠암동, 경남과학기술대학교)",47,6968,1188,6937,5032,51,1854,0,191,358,0,147,128.0945547,35.18241107,1125.0,1129.0,6571.0,1129.0,100.0
28,2020,university,대학교,서울과학기술대학교,기존,본교,서울,서울 노원구,국립,주야간,"서울특별시 노원구 공릉로 232 (공릉동, 서울과학기술대학교)",46,26336,2373,14498,10587,223,3688,470,347,401,0,419,127.08092309999999,37.63380173,2067.0,2075.0,25358.0,2075.0,100.0
29,2020,university,대학교,한경대학교,기존,본교,경기,경기 안성시,국립,주야간,경기도 안성시 중앙로 327 (석정동),52,7245,1224,7423,5208,30,2185,38,201,302,0,153,127.2630453,37.01085706,1143.0,1143.0,6912.0,1134.0,99.2
30,2020,university,대학교,한밭대학교,기존,본교,대전,대전 유성구,국립,주야간,"대전광역시 유성구 동서대로 125 (덕명동, 한밭대학교)",66,12754,2070,12204,8789,61,3354,110,270,530,0,256,127.3017638,36.35235262,1846.0,1849.0,11866.0,1845.0,99.8
31,2020,university,대학교,서울시립대학교,기존,본교,서울,서울 동대문구,공립,주간,"서울특별시 동대문구 서울시립대로 163 (전농동, 서울시립대학교)",51,24100,1822,12492,9028,0,3464,252,378,616,0,262,127.06086440000001,37.58301804,1697.0,1710.0,22664.0,1701.0,99.5
32,2020,university,대학교,인천대학교,기존,본교,인천,인천 연수구,국립대법인,주야간,"인천광역시 연수구 아카데미로 119 (송도동, 인천대학교)",97,17804,2740,16504,11776,124,4604,321,484,649,0,495,126.63290149999999,37.37654098,2492.0,2497.0,16730.0,2495.0,99.9
33,2020,university,대학교,가야대학교,기존,본교,경남,경남 김해시,사립,주야간,경상남도 김해시 삼계로 208 (삼계동),13,3253,496,2919,2176,3,740,53,96,106,0,70,128.8714961,35.26791382,568.0,573.0,3110.0,469.0,81.8
34,2020,university,대학교,가야대학교 _제2캠퍼스,기존,제2캠퍼스,경북,경북 고령군,사립,주야간,"경상북도 고령군 대가야읍 대가야로 1103 (지산리, 가야대학교)",0,0,0,0,0,0,0,0,0,0,0,6,128.2510408,35.71674519,,,,,
35,2020,university,대학교,가톨릭대학교,기존,본교,경기,경기 부천시,사립,주간,"경기도 부천시 원미구 지봉로 43 (역곡동, 가톨릭대학교성심교정)",57,17535,1599,9611,7163,0,2448,321,237,462,0,234,126.7990933,37.48687621,1472.0,1473.0,16673.0,1471.0,99.9
36,2020,university,대학교,가톨릭대학교 _제2캠퍼스,기존,제2캠퍼스,서울,서울 서초구,사립,주간,"서울특별시 서초구 반포대로 222 (반포동, 가톨릭대학교 성모병원)",3,5620,180,960,923,0,37,2,896,829,0,155,127.00518159999999,37.49923118,173.0,173.0,5211.0,173.0,100.0
37,2020,university,대학교,가톨릭대학교 _제3캠퍼스,기존,제3캠퍼스,서울,서울 종로구,사립,주간,"서울특별시 종로구 창경궁로 296-12 (혜화동, 가톨릭대학교성신교정)",1,70,53,307,231,0,76,9,16,16,0,88,127.0046655,37.58562356,50.0,50.0,65.0,50.0,100.0
38,2020,university,대학교,감리교신학대학교,기존,본교,서울,서울 서대문구,사립,주간,"서울특별시 서대문구 독립문로 56 (냉천동, 감리교신학대학)",4,345,198,1106,814,0,292,3,26,66,0,31,126.96189309999998,37.5679176,200.0,202.0,336.0,191.0,94.6
39,2020,university,대학교,강남대학교,기존,본교,경기,경기 용인시,사립,주야간,"경기도 용인시 기흥구 강남로 40 (구갈동, 강남대학교)",58,11703,1616,8973,6695,61,2217,170,236,189,0,171,127.1341806,37.27706051,1491.0,1500.0,11082.0,1500.0,100.0
40,2020,university,대학교,건국대학교,기존,본교,서울,서울 광진구,사립,주간,"서울특별시 광진구 능동로 120 (화양동, 건국대학교)",95,63963,3553,23122,15764,758,6600,1372,637,976,0,528,127.0789125,37.54488231,3000.0,3012.0,59098.0,2990.0,99.3
41,2020,university,대학교,건국대학교(글로컬) _분교,기존,분교1,충북,충북 충주시,사립,주간,"충청북도 충주시 충원대로 268 (단월동, 건국대학교GLOCAL캠퍼스)",94,15687,1654,10538,6995,61,3482,255,255,311,0,177,127.90751170000001,36.94758275,1549.0,1555.0,14869.0,1553.0,99.9
42,2020,university,대학교,건양대학교,기존,본교,충남,충남 논산시,사립,주야간,"충청남도 논산시 대학로 121 (내동, 건양대학교)",50,5854,894,4632,3534,24,1074,71,137,151,0,168,127.1091096,36.18349331,845.0,847.0,5561.0,845.0,99.8
43,2020,university,대학교,건양대학교 _제2캠퍼스,기존,제2캠퍼스,대전,대전 서구,사립,주야간,"대전광역시 서구 관저동로 158 (관저동, 건양대학교병원)",21,9010,842,4194,3505,5,684,10,249,32,0,67,127.3445629,36.30698032,808.0,810.0,7422.0,810.0,100.0
44,2020,university,대학교,경기대학교,기존,본교,경기,경기 수원시,사립,주야간,"경기도 수원시 영통구 광교산로 154-42 (이의동, 경기대학교)",51,26931,2896,16512,11732,137,4643,436,467,427,0,265,127.03259129999999,37.30143823,2598.0,2604.0,25466.0,2602.0,99.9
45,2020,university,대학교,경기대학교 _제2캠퍼스,기존,제2캠퍼스,서울,서울 서대문구,사립,주야간,"서울특별시 서대문구 경기대로9길 24 (충정로2가, 경기대학교)",20,7991,502,2631,1980,29,622,525,36,74,0,0,126.9622293,37.56447707,328.0,328.0,7575.0,326.0,99.4
46,2020,university,대학교,경남대학교,기존,본교,경남,경남 창원시,사립,주간,"경상남도 창원시 마산합포구 경남대학로 7 (월영동, 경남대학교)",74,12684,2889,16506,11147,83,5276,223,438,540,0,222,128.5518415,35.18112432,2840.0,2853.0,11995.0,2733.0,95.8
47,2020,university,대학교,경동대학교,기존,본교,강원,강원 고성군,사립,주간,"강원도 고성군 토성면 봉포4길 46 (봉포리, 경동대학교)",32,807,196,1938,1297,0,641,524,53,37,0,31,128.5539652,38.24962808,110.0,111.0,704.0,110.0,99.1
48,2020,university,대학교,경동대학교 _제3캠퍼스,기존,제3캠퍼스,강원,강원 원주시,사립,주간,"강원도 원주시 문막읍 견훤로 815 (후용리, 경동대학교)",11,7606,1035,4620,4008,0,612,0,110,54,0,36,127.794721,37.26478577,965.0,966.0,7250.0,965.0,99.9
49,2020,university,대학교,경동대학교 _제4캠퍼스,기존,제4캠퍼스,경기,경기 양주시,사립,주간,경기도 양주시 경동대학로 27 (고암동),21,4871,760,3286,2509,0,777,118,92,42,0,53,127.0679489,37.81194024,710.0,710.0,4557.0,710.0,100.0
50,2020,university,대학교,대구한의대학교,기존,본교,경북,경북 경산시,사립,주야간,"경상북도 경산시 한의대로 1 (유곡동, 대구한의대학교)",98,12269,1707,8729,6849,74,1806,86,247,181,0,145,128.7734856,35.79426966,1518.0,1520.0,11477.0,1519.0,99.9
51,2020,university,대학교,경성대학교,기존,본교,부산,부산 남구,사립,주간,"부산광역시 남구 수영로 309 (대연동, 경성대학교)",92,20315,3062,16831,12454,196,4181,1014,435,568,0,275,129.0966805,35.1430492,2740.0,2746.0,19098.0,2744.0,99.9
52,2020,university,대학교,가천대학교,기존,본교,경기,경기 성남시,사립,주간,"경기도 성남시 수정구 성남대로 1342 (복정동, 가천대학교)",85,62956,4186,25467,18678,1,6788,906,879,1024,0,297,127.12910409999999,37.44924484,3766.0,3766.0,59760.0,3764.0,99.9
53,2020,university,대학교,경일대학교,기존,본교,경북,경북 경산시,사립,주야간,"경상북도 경산시 하양읍 가마실길 50 (부호리, 경일대학교)",56,10508,1772,9489,6922,39,2528,94,256,131,0,151,128.8027242,35.90654442,1584.0,1591.0,9439.0,1580.0,99.3
54,2020,university,대학교,경주대학교,기존,본교,경북,경북 경주시,사립,주야간,"경상북도 경주시 태종로 188 (효현동, 경주대학교)",60,1236,185,1577,1013,1,563,267,67,51,0,54,129.16223540000001,35.83099767,762.0,702.0,1132.0,176.0,25.1
55,2020,university,대학교,경희대학교,기존,본교,서울,서울 동대문구,사립,주야간,"서울특별시 동대문구 경희대로 26 (회기동, 경희대학교)",93,83959,5739,34710,25875,0,8835,2939,1086,1604,0,999,127.05611280000001,37.59379956,4720.0,4732.0,78513.0,4710.0,99.5
56,2020,university,대학교,계명대학교,기존,본교,대구,대구 달서구,사립,주야간,"대구광역시 달서구 달구벌대로 1095 (신당동, 계명대학교성서캠퍼스)",115,33136,4948,30292,20692,203,9397,894,889,888,0,505,128.4811929,35.85426184,4605.0,4607.0,31259.0,4606.0,100.0
57,2020,university,대학교,고려대학교,기존,본교,서울,서울 성북구,사립,주간,"서울특별시 성북구 안암로 145 (안암동5가, 고려대학교안암캠퍼스(인문사회계))",72,34575,4405,27783,20822,0,6961,2154,1166,2021,0,1135,127.03268519999999,37.58791907,3799.0,3803.0,30531.0,3797.0,99.8
58,2020,university,대학교,고려대학교(세종) _분교,기존,분교1,세종,세종 ,사립,주간,"세종특별자치시 조치원읍 세종로 2511 (서창리, 고려대학교세종캠퍼스)",64,15889,1439,9319,6387,0,2932,248,213,389,0,212,127.28821210000001,36.61152416,1318.0,1322.0,15386.0,1318.0,99.7
59,2020,university,대학교,고신대학교,기존,본교,부산,부산 영도구,사립,주야간,"부산광역시 영도구 와치로 194 (동삼동, 고신대학교)",33,5502,928,4784,3920,10,854,20,291,118,0,136,129.0625326,35.07845657,886.0,886.0,5289.0,886.0,100.0
60,2020,university,대학교,가톨릭관동대학교,기존,본교,강원,강원 강릉시,사립,주야간,"강원도 강릉시 범일로579번길 24 (내곡동, 가톨릭관동대학교)",160,11031,2236,12473,8107,63,4303,108,424,389,0,231,128.8748638,37.73815321,2080.0,2092.0,10242.0,2075.0,99.2
61,2020,university,대학교,광신대학교,기존,본교,광주,광주 북구,사립,주간,"광주광역시 북구 양산택지소로 36 (본촌동, 광신대학교)",8,208,130,600,514,0,86,35,51,76,0,26,126.88460859999999,35.21573398,122.0,123.0,200.0,123.0,100.0
62,2020,university,대학교,광운대학교,기존,본교,서울,서울 노원구,사립,주야간,"서울특별시 노원구 광운로 20 (월계동, 광운대학교)",66,24012,2024,11672,8182,0,3490,733,315,358,0,221,127.05909299999999,37.62001946,1684.0,1687.0,22500.0,1685.0,99.9
63,2020,university,대학교,광주가톨릭대학교,기존,본교,전남,전남 나주시,사립,주간,"전라남도 나주시 남평읍 중남길 12-25 (남석리, 광주가톨릭대학교)",1,25,24,129,89,0,40,1,19,6,0,30,126.86508429999999,35.01570871,40.0,40.0,25.0,24.0,60.0
64,2020,university,대학교,광주여자대학교,기존,본교,광주,광주 광산구,사립,주간,"광주광역시 광산구 여대길 201 (산정동, 광주여자대학교)",21,5329,990,3977,3735,1,241,112,130,133,0,80,126.79955559999999,35.16322604,895.0,895.0,4989.0,895.0,100.0
65,2020,university,대학교,국민대학교,기존,본교,서울,서울 성북구,사립,주야간,"서울특별시 성북구 정릉로 77 (정릉동, 국민대학교)",127,28637,3393,22077,15109,600,6368,1839,592,720,0,449,126.9976191,37.61079306,2863.0,2874.0,26540.0,2868.0,99.8
66,2020,university,대학교,케이씨대학교,기존,본교,서울,서울 강서구,사립,주야간,"서울특별시 강서구 까치산로24길 47 (화곡동, 그리스도대학교)",34,1759,303,1736,1351,0,385,0,48,94,0,52,126.85415800000001,37.54868686,277.0,281.0,1667.0,281.0,100.0
67,2020,university,대학교,극동대학교,기존,본교,충북,충북 음성군,사립,주간,"충청북도 음성군 감곡면 대학길 76-32 (왕장리, 극동대학교)",38,9295,983,5224,3898,55,1271,7,146,162,0,64,127.64223570000001,37.12700351,935.0,940.0,8829.0,932.0,99.1
68,2020,university,대학교,나사렛대학교,기존,본교,충남,충남 천안시,사립,주간,"충청남도 천안시 서북구 월봉로 48 (쌍용동, 나사렛대학교)",64,7613,1353,6830,5146,6,1678,74,162,177,0,104,127.11910049999999,36.79774648,1211.0,1213.0,6820.0,1212.0,99.9
69,2020,university,대학교,단국대학교,기존,본교,경기,경기 용인시,사립,주야간,"경기도 용인시 수지구 죽전로 152 (죽전동, 단국대학교죽전캠퍼스)",70,33593,2585,16350,11691,512,4147,674,456,988,0,332,127.12556229999998,37.31996346,2275.0,2283.0,31879.0,2275.0,99.6
70,2020,university,대학교,단국대학교 _제2캠퍼스,기존,제2캠퍼스,충남,충남 천안시,사립,주야간,"충청남도 천안시 동남구 단대로 119 (안서동, 단국대학교천안캠퍼스)",102,19512,2519,14633,11173,249,3211,96,513,526,0,197,127.16609650000001,36.83495267,2340.0,2347.0,18782.0,2340.0,99.7
71,2020,university,대학교,대구대학교,기존,본교,경북,경북 경산시,사립,주야간,"경상북도 경산시 진량읍 대구대로 201 (내리리, 대구대학교경산캠퍼스)",115,27015,4482,24502,17231,237,7034,653,589,718,0,341,128.852735,35.89803204,4059.0,4077.0,25414.0,4075.0,100.0
72,2020,university,대학교,대구예술대학교,기존,본교,경북,경북 칠곡군,사립,주간,"경상북도 칠곡군 가산면 다부거문1길 202 (다부리, 대구예술대학교)",22,908,236,1534,948,0,586,1,37,227,0,34,128.5093649,36.03220251,430.0,430.0,888.0,232.0,54.0
73,2020,university,대학교,대구가톨릭대학교,기존,본교,경북,경북 경산시,사립,주야간,"경상북도 경산시 하양읍 하양로 13-13 (금락리, 대구가톨릭대학교)",155,20751,3039,16871,12433,211,4227,219,604,663,0,352,128.8086963,35.90817553,2862.0,2863.0,19750.0,2863.0,100.0
74,2020,university,대학교,세한대학교,기존,본교,전남,전남 영암군,사립,주야간,"전라남도 영암군 삼호읍 녹색로 1113 (산호리, 세한대학교)",75,4611,947,5076,3914,6,1156,10,143,112,0,68,126.4863395,34.750374,914.0,913.0,4381.0,914.0,100.1
75,2020,university,대학교,대신대학교,기존,본교,경북,경북 경산시,사립,주야간,"경상북도 경산시 경청로222길 33 (백천동, 대신대학교)",8,266,116,658,408,0,250,1,36,53,0,19,128.7449082,35.80349656,116.0,116.0,266.0,116.0,100.0
76,2020,university,대학교,대전가톨릭대학교,기존,본교,세종,세종 ,사립,주간,"세종특별자치시 전의면 가톨릭대학로 30 (신방리, 대전가톨릭대학교)",1,15,14,58,44,0,14,1,13,13,0,27,127.19812490000001,36.65390879,40.0,40.0,15.0,14.0,35.0
77,2020,university,대학교,대전대학교,기존,본교,대전,대전 동구,사립,주간,"대전광역시 동구 대학로 62 (용운동, 대전대학교)",54,11842,2209,12680,8979,71,3630,200,344,410,0,160,127.45982509999999,36.33620139999999,2045.0,2056.0,11227.0,2053.0,99.9
78,2020,university,대학교,대진대학교,기존,본교,경기,경기 포천시,사립,주야간,"경기도 포천시 호국로 1007 (선단동, 대진대학교)",57,11683,1920,10306,7438,2,2866,177,242,193,0,190,127.1561607,37.87074165,1793.0,1793.0,11149.0,1792.0,99.9
79,2020,university,대학교,서울기독대학교,기존,본교,서울,서울 은평구,사립,주야간,"서울특별시 은평구 갈현로4길 26-2 (신사동, 서울기독대학교)",16,470,128,616,501,0,115,3,24,63,0,24,126.9121925,37.60075749,136.0,136.0,454.0,126.0,92.6
80,2020,university,대학교,덕성여자대학교,기존,본교,서울,서울 도봉구,사립,주간,"서울특별시 도봉구 삼양로144길 33 (쌍문동, 덕성여자대학교)",42,13528,1107,6964,5506,233,1225,25,183,267,0,162,127.01834099999999,37.65089321,1040.0,1043.0,12989.0,1040.0,99.7
81,2020,university,대학교,동국대학교,기존,본교,서울,서울 중구,사립,주야간,"서울특별시 중구 필동로1길 30 (장충동2가, 동국대학교)",94,50572,3191,19067,13944,137,4986,1248,576,1224,0,488,126.998003,37.55817644,2685.0,2698.0,47681.0,2693.0,99.8
82,2020,university,대학교,동국대학교(경주) _분교,기존,분교1,경북,경북 경주시,사립,주야간,"경상북도 경주시 동대로 123 (석장동, 동국대학교경주캠퍼스)",93,11336,1938,10753,7670,8,3075,367,370,562,0,156,129.1971292,35.86114602,1754.0,1764.0,10668.0,1758.0,99.7
83,2020,university,대학교,동덕여자대학교,기존,본교,서울,서울 성북구,사립,주야간,"서울특별시 성북구 화랑로13길 60 (하월곡동, 동덕여자대학교)",44,19931,1663,8050,6938,0,1112,27,226,333,0,132,127.0440729,37.60670147,1507.0,1510.0,19173.0,1509.0,99.9
84,2020,university,대학교,동서대학교,기존,본교,부산,부산 사상구,사립,주간,"부산광역시 사상구 주례로 47 (주례동, 동서대학교)",114,16308,2542,14429,10367,63,3999,240,354,446,0,196,129.0096006,35.14471222,2375.0,2375.0,15468.0,2345.0,98.7
85,2020,university,대학교,동신대학교,기존,본교,전남,전남 나주시,사립,주야간,"전라남도 나주시 동신대길 67 (대호동, 동신대학교중앙도서관동)",58,8802,1547,8371,6305,33,2033,298,263,179,0,135,126.7179926,35.04962455,1548.0,1560.0,8269.0,1414.0,90.6
86,2020,university,대학교,동아대학교,기존,본교,부산,부산 사하구,사립,주야간,"부산광역시 사하구 낙동대로550번길 37 (하단동, 동아대학교)",138,28584,4370,25670,18342,219,7109,277,669,794,0,352,128.9693116,35.11699691,4058.0,4064.0,27228.0,4056.0,99.8
87,2020,university,대학교,동양대학교,기존,본교,경북,경북 영주시,사립,주간,"경상북도 영주시 풍기읍 동양대로 145 (산법리, 동양대학교)",60,5872,1057,5692,3995,3,1694,77,139,86,0,133,128.530135,36.88466886,1028.0,1028.0,5607.0,996.0,96.9
88,2020,university,대학교,동의대학교,기존,본교,부산,부산 부산진구,사립,주야간,"부산광역시 부산진구 엄광로 176 (가야동, 동의대학교)",167,28011,3865,21057,14825,69,6163,125,569,417,0,251,129.0371021,35.14226682,3595.0,3596.0,26778.0,3592.0,99.9
89,2020,university,대학교,루터대학교,기존,본교,경기,경기 용인시,사립,주간,"경기도 용인시 기흥구 금화로82번길 20 (상갈동, 루터대학교)",5,341,87,417,369,0,48,2,20,28,0,17,127.1130429,37.26503178,85.0,86.0,327.0,86.0,100.0
90,2020,university,대학교,명지대학교,기존,본교,경기,경기 용인시,사립,주야간,"경기도 용인시 처인구 명지로 116 (남동, 명지대학교용인캠퍼스)",49,13147,1472,9056,6044,83,2929,181,286,345,0,193,127.1888429,37.22164993,1397.0,1404.0,12624.0,1403.0,99.9
91,2020,university,대학교,명지대학교 _제2캠퍼스,기존,제2캠퍼스,서울,서울 서대문구,사립,주야간,"서울특별시 서대문구 거북골로 34 (남가좌동, 명지대학교)",55,12746,1707,10548,7263,213,3072,1003,216,434,0,159,126.9242607,37.58011552,1263.0,1269.0,11169.0,1262.0,99.4
92,2020,university,대학교,목원대학교,기존,본교,대전,대전 서구,사립,주간,"대전광역시 서구 도안북로 88 (도안동, 목원대학교)",58,10940,1973,10338,7592,35,2711,73,298,588,0,123,127.3399131,36.3270956,1864.0,1864.0,10554.0,1864.0,100.0
93,2020,university,대학교,배재대학교,기존,본교,대전,대전 서구,사립,주간,"대전광역시 서구 배재로 155-40 (도마동, 배재대학교)",89,13610,2197,10938,8398,40,2500,162,307,341,0,205,127.36455359999998,36.31971987,2048.0,2058.0,13030.0,2056.0,99.9
94,2020,university,대학교,부산가톨릭대학교,기존,본교,부산,부산 금정구,사립,주야간,"부산광역시 금정구 오륜대로 57 (부곡동, 부산가톨릭대학교)",25,5801,937,4815,3948,14,853,16,150,127,0,136,129.09744550000002,35.24426588,916.0,918.0,5514.0,883.0,96.2
95,2020,university,대학교,부산외국어대학교,기존,본교,부산,부산 금정구,사립,주야간,"부산광역시 금정구 금샘로485번길 65 (남산동, 부산외국어대학교)",107,8886,1954,11687,8088,97,3502,486,247,253,0,184,129.0780109,35.267294,1813.0,1817.0,8433.0,1818.0,100.1
96,2020,university,대학교,삼육대학교,기존,본교,서울,서울 노원구,사립,주간,"서울특별시 노원구 화랑로 815 (공릉동, 삼육대학교)",38,15117,1275,7266,5517,76,1673,111,211,345,0,235,127.10542109999999,37.6450008,1122.0,1122.0,14250.0,1121.0,99.9
97,2020,university,대학교,상명대학교,기존,본교,서울,서울 종로구,사립,주야간,"서울특별시 종로구 홍지문2길 20 (홍지동, 상명대학교)",56,14335,1554,9126,6544,131,2451,1114,245,192,0,167,126.9546615,37.60333982,1302.0,1302.0,13072.0,1301.0,99.9
98,2020,university,대학교,상명대학교 _제2캠퍼스,기존,제2캠퍼스,충남,충남 천안시,사립,주야간,"충청남도 천안시 동남구 상명대길 31 (안서동, 상명대학교천안캠퍼스)",74,13296,1403,7925,5705,96,2124,201,207,145,0,106,127.18023090000001,36.83418922,1305.0,1305.0,12741.0,1305.0,100.0
99,2020,university,대학교,상지대학교,기존,본교,강원,강원 원주시,사립,주야간,"강원도 원주시 상지대길 83 (우산동, 상지대학교)",83,13116,2304,9694,6873,18,2803,20,280,391,0,155,127.92736640000001,37.36985717,2255.0,2282.0,12718.0,2226.0,97.5
100,2020,university,대학교,서강대학교,기존,본교,서울,서울 마포구,사립,주간,"서울특별시 마포구 백범로 35 (신수동, 서강대학교)",36,38189,1866,12090,8275,543,3272,1176,319,487,0,251,126.9391434,37.55194459,1574.0,1576.0,36601.0,1568.0,99.5
101,2020,university,대학교,서경대학교,기존,본교,서울,서울 성북구,사립,주간,"서울특별시 성북구 서경로 124 (정릉동, 서경대학)",50,26186,1532,8582,6185,50,2347,596,239,311,0,200,127.0127841,37.61487212,1269.0,1275.0,25270.0,1273.0,99.8
102,2020,university,대학교,서울신학대학교,기존,본교,경기,경기 부천시,사립,주야간,"경기도 부천시 소사구 호현로489번길 52 (소사본동, 서울신학대학교)",12,3175,534,2770,2218,5,547,33,75,139,0,57,126.79052050000001,37.47868133,502.0,502.0,3029.0,502.0,100.0
103,2020,university,대학교,서울여자대학교,기존,본교,서울,서울 노원구,사립,주야간,"서울특별시 노원구 화랑로 621 (공릉동, 서울여자대학교)",56,23811,1711,8686,7141,160,1385,39,216,314,0,211,127.0904758,37.62932172,1592.0,1595.0,22902.0,1593.0,99.9
104,2020,university,대학교,서울장신대학교,기존,본교,경기,경기 광주시,사립,주간,"경기도 광주시 경안로 145 (경안동, 서울장신대학교)",3,333,119,599,476,0,123,1,38,39,0,27,127.24526409999999,37.41006413,113.0,113.0,304.0,112.0,99.1
105,2020,university,대학교,서원대학교,기존,본교,충북,충북 청주시,사립,주야간,"충청북도 청주시 서원구 무심서로 377-3 (모충동, 서원대학교)",53,12469,1751,8946,6860,49,2037,6,229,301,0,137,127.48238400000001,36.62529784,1622.0,1623.0,11754.0,1623.0,100.0
106,2020,university,대학교,선문대학교,기존,본교,충남,충남 아산시,사립,주야간,"충청남도 아산시 탕정면 선문로221번길 70 (갈산리, 선문대학교)",89,16709,2409,12812,9252,46,3514,1138,309,354,0,225,127.07051609999998,36.79735677,2053.0,2059.0,15651.0,2060.0,100.0
107,2020,university,대학교,성결대학교,기존,본교,경기,경기 안양시,사립,주야간,"경기도 안양시 만안구 성결대학로 53 (안양동, 성결대학교)",31,13259,1303,7199,5418,6,1775,89,190,262,0,122,126.9288293,37.38052064,1228.0,1228.0,12640.0,1228.0,100.0
108,2020,university,대학교,성공회대학교,기존,본교,서울,서울 구로구,사립,주야간,"서울특별시 구로구 연동로 320 (항동, 성공회대학교)",31,2726,529,2914,2112,35,767,2,85,142,0,78,126.82566090000002,37.48811923,502.0,503.0,2559.0,502.0,99.8
109,2020,university,대학교,성균관대학교,기존,본교,서울,서울 종로구,사립,주야간,"서울특별시 종로구 성균관로 25-2 (명륜3가, 성균관대학교)",76,70007,4087,25916,19310,0,6606,2677,1215,1480,0,415,126.99453600000001,37.58827563,3303.0,3306.0,64248.0,3295.0,99.7
110,2020,university,대학교,성신여자대학교,기존,본교,서울,서울 성북구,사립,주간,"서울특별시 성북구 보문로34다길 2 (돈암동, 성신여자대학교)",68,23670,2226,10739,8868,299,1572,22,295,769,0,328,127.0211814,37.59324948,2060.0,2061.0,22882.0,2061.0,100.0
111,2020,university,대학교,세명대학교,기존,본교,충북,충북 제천시,사립,주간,"충청북도 제천시 세명로 65 (신월동, 세명대학교)",54,11111,1994,10744,7804,50,2890,140,268,293,0,156,128.2002592,37.17869227,1880.0,1885.0,10365.0,1881.0,99.8
112,2020,university,대학교,세종대학교,기존,본교,서울,서울 광진구,사립,주야간,"서울특별시 광진구 능동로 209 (군자동, 세종대학교)",99,38713,2771,16227,11946,0,4281,924,436,552,0,229,127.075194,37.55146347,2320.0,2331.0,36883.0,2330.0,100.0
113,2020,university,대학교,수원가톨릭대학교,기존,본교,경기,경기 화성시,사립,주간,"경기도 화성시 봉담읍 왕림1길 67 (왕림리, 수원가톨릭대학교)",1,45,35,174,121,0,53,3,12,28,0,35,126.9333604,37.19336718,90.0,90.0,45.0,35.0,38.9
114,2020,university,대학교,수원대학교,기존,본교,경기,경기 화성시,사립,주야간,"경기도 화성시 봉담읍 와우안길 17 (와우리, 수원대학교)",153,25852,2327,12484,9033,67,3384,270,308,571,0,148,126.97999320000001,37.211182,2196.0,2198.0,24675.0,2197.0,100.0
115,2020,university,대학교,숙명여자대학교,기존,본교,서울,서울 용산구,사립,주간,"서울특별시 용산구 청파로47길 100 (청파동2가, 숙명여자대학교)",53,26882,2407,12094,10123,0,1971,68,414,789,0,355,126.9657682,37.54597494,2110.0,2116.0,24846.0,2108.0,99.6
116,2020,university,대학교,순천향대학교,기존,본교,충남,충남 아산시,사립,주야간,"충청남도 아산시 신창면 순천향로 22 (읍내리, 순천향대학교)",73,21182,2560,14233,10755,55,3423,538,904,614,0,308,126.92893590000001,36.76835047,2352.0,2355.0,20185.0,2351.0,99.8
117,2020,university,대학교,숭실대학교,기존,본교,서울,서울 동작구,사립,주야간,"서울특별시 동작구 상도로 369 (상도동, 숭실대학교)",54,37160,3172,19396,13613,0,5783,1349,509,678,0,275,126.95513729999999,37.49653223,2675.0,2686.0,34519.0,2682.0,99.9
118,2020,university,대학교,신라대학교,기존,본교,부산,부산 사상구,사립,주간,"부산광역시 사상구 백양대로700번길 140 (괘법동, 신라대학교)",173,13324,2069,11652,8921,47,2684,352,315,276,0,178,129.00025540000001,35.16938155,2143.0,2142.0,12687.0,1892.0,88.3
119,2020,university,대학교,아세아연합신학대학교,기존,본교,경기,경기 양평군,사립,주야간,"경기도 양평군 옥천면 경강로 1276 (아신리, 아세아연합신학대학교)",7,273,155,846,617,0,229,4,32,31,0,30,127.4289279,37.51121683,186.0,186.0,263.0,152.0,81.7
120,2020,university,대학교,아주대학교,기존,본교,경기,경기 수원시,사립,주야간,"경기도 수원시 영통구 월드컵로 206 (원천동, 아주대학교)",40,30318,2179,13742,9548,297,3897,312,685,586,0,273,127.04766000000001,37.28210120000001,1861.0,1867.0,28636.0,1861.0,99.7
121,2020,university,대학교,안양대학교,기존,본교,경기,경기 안양시,사립,주야간,"경기도 안양시 만안구 삼덕로37번길 22 (안양동, 안양대학교)",62,8587,1071,6165,4484,5,1676,8,163,130,0,110,126.92058759999999,37.39184802,1009.0,1012.0,8181.0,1003.0,99.1
122,2020,university,대학교,안양대학교 _제2캠퍼스,기존,제2캠퍼스,인천,인천 강화군,사립,주야간,"인천광역시 강화군 불은면 중앙로 602-14 (삼성리, 안양대학교강화캠퍼스)",9,584,123,487,326,0,161,0,17,19,0,0,126.44471090000002,37.71100333,122.0,123.0,576.0,123.0,100.0
123,2020,university,대학교,연세대학교,기존,본교,서울,서울 서대문구,사립,주간,"서울특별시 서대문구 연세로 50 (신촌동, 연세대학교)",106,50464,4042,26514,18924,948,6642,1279,1516,2509,0,970,126.93962959999999,37.57083235,3417.0,3433.0,47380.0,3426.0,99.8
124,2020,university,대학교,연세대학교(미래) _분교,학교명 변경,분교1,강원,강원 원주시,사립,주야간,"강원도 원주시 흥업면 연세대길 1 (매지리, 연세대학교)",53,13889,1640,10029,7332,57,2640,316,399,460,0,231,127.9029731,37.27541309,1466.0,1470.0,13315.0,1464.0,99.6
125,2020,university,대학교,영남대학교,기존,본교,경북,경북 경산시,사립,주야간,"경상북도 경산시 대학로 280 (대동, 영남대학교)",109,25645,4931,29593,20457,15,9121,723,840,1037,0,537,128.7614582,35.83492126,4552.0,4560.0,24116.0,4545.0,99.7
126,2020,university,대학교,영남신학대학교,기존,본교,경북,경북 경산시,사립,주간,"경상북도 경산시 진량읍 봉회1길 26 (봉회리, 영남신학대학교)",4,233,118,575,470,0,105,44,30,24,0,15,128.8179854,35.88093772,115.0,115.0,230.0,115.0,100.0
127,2020,university,대학교,유원대학교,기존,본교,충북,충북 영동군,사립,주간,"충청북도 영동군 영동읍 대학로 310 (설계리, U1대학교)",43,4925,879,5187,3659,15,1513,53,136,213,0,54,127.7978389,36.19297161,875.0,878.0,4695.0,836.0,95.2
128,2020,university,대학교,영산선학대학교,기존,본교,전남,전남 영광군,사립,주간,전라남도 영광군 백수읍 성지로 1357 (길용리),1,6,6,47,29,0,18,2,13,1,0,6,126.44134129999999,35.32735385,50.0,50.0,6.0,6.0,12.0
129,2020,university,대학교,용인대학교,기존,본교,경기,경기 용인시,사립,주야간,"경기도 용인시 처인구 용인대학로 134 (삼가동, 용인대학교)",53,14713,1654,8610,6240,0,2370,318,206,274,0,119,127.1671971,37.22595614,1403.0,1412.0,13459.0,1406.0,99.6
130,2020,university,대학교,우석대학교,기존,본교,전북,전북 완주군,사립,주야간,"전라북도 완주군 삼례읍 삼례로 443 (후정리, 우석대학교)",89,11987,1877,9709,7533,26,2150,386,307,347,0,197,127.0676206,35.91493037,1715.0,1728.0,11400.0,1712.0,99.1
131,2020,university,대학교,울산대학교,기존,본교,울산,울산 남구,사립,주야간,"울산광역시 남구 대학로 93 (무거동, 울산대학교)",62,15218,2916,17677,12080,0,5597,342,1114,975,0,311,129.2557353,35.5472658,2732.0,2742.0,14330.0,2727.0,99.5
132,2020,university,대학교,원광대학교,기존,본교,전북,전북 익산시,사립,주야간,"전라북도 익산시 익산대로 460 (신동, 원광대학교)",102,21897,3697,21569,15007,25,6537,300,691,983,0,261,126.96022340000002,35.97171387,3526.0,3541.0,21000.0,3525.0,99.5
133,2020,university,대학교,위덕대학교,기존,본교,경북,경북 경주시,사립,주야간,"경상북도 경주시 강동면 동해대로 261 (유금리, 위덕대학교)",43,2925,783,3813,2999,48,766,222,117,88,0,77,129.283725,36.01070433,780.0,780.0,2856.0,770.0,98.7
134,2020,university,대학교,을지대학교,기존,본교,대전,대전 중구,사립,주간,"대전광역시 중구 계룡로771번길 77 (목동, 을지대학교대전캠퍼스)",4,2785,162,813,748,1,64,6,270,46,0,30,127.40557220000001,36.33302329,147.0,148.0,2576.0,148.0,100.0
135,2020,university,대학교,을지대학교 _제2캠퍼스,기존,제2캠퍼스,경기,경기 성남시,사립,주간,"경기도 성남시 수정구 산성대로 553 (양지동, 을지대학교)",36,11930,934,4925,3934,72,919,12,131,243,0,123,127.16514699999999,37.46097904,882.0,882.0,11409.0,882.0,100.0
136,2020,university,대학교,이화여자대학교,기존,본교,서울,서울 서대문구,사립,주간,"서울특별시 서대문구 이화여대길 52 (대현동, 이화여자대학교)",129,30191,3367,19179,15698,885,2596,975,816,1384,0,631,126.9507285,37.56389684,3027.0,3031.0,29059.0,3025.0,99.8
137,2020,university,대학교,인제대학교,기존,본교,경남,경남 김해시,사립,주야간,"경상남도 김해시 인제로 197 (어방동, 인제대학교)",73,11543,2272,12370,9154,30,3186,145,984,507,0,281,128.9037365,35.24857854,2168.0,2171.0,10831.0,2149.0,99.0
138,2020,university,대학교,인제대학교 _제2캠퍼스,기존,제2캠퍼스,부산,부산 부산진구,사립,주야간,"부산광역시 부산진구 복지로 75 (개금동, 부산백병원)",0,0,0,0,0,0,0,0,0,0,0,0,129.0208656,35.14552586,,,,,
139,2020,university,대학교,인천가톨릭대학교,기존,본교,인천,인천 강화군,사립,주간,인천광역시 강화군 양도면 고려왕릉로 53-1 (도장리),1,24,15,90,61,0,29,4,20,11,0,36,126.44769309999998,37.6557758,16.0,16.0,24.0,15.0,93.8
140,2020,university,대학교,인천가톨릭대학교 _제2캠퍼스,기존,제2캠퍼스,인천,인천 연수구,사립,주간,"인천광역시 연수구 해송로 12 (송도동, 인천가톨릭대학교)",9,1028,161,739,644,0,95,0,18,51,0,26,126.6446513,37.38314003,150.0,150.0,962.0,150.0,100.0
141,2020,university,대학교,인하대학교,기존,본교,인천,인천 미추홀구,사립,주간,"인천광역시 남구 인하로 100 (용현동, 인하대학교)",90,56903,4005,25615,17507,0,8108,1145,581,843,0,323,126.6501618,37.44973226,3411.0,3414.0,54007.0,3411.0,99.9
142,2020,university,대학교,장로회신학대학교,기존,본교,서울,서울 광진구,사립,주간,"서울특별시 광진구 광장로5길 25-1 (광장동, 장로회신학대학교)",3,535,157,893,648,0,245,6,64,202,0,43,127.10300149999999,37.54975194,150.0,150.0,523.0,150.0,100.0
143,2020,university,대학교,전주대학교,기존,본교,전북,전북 전주시,사립,주야간,"전라북도 전주시 완산구 천잠로 303 (효자동2가, 전주대학교)",104,15788,2806,15758,11126,109,4523,835,370,659,0,304,127.0886369,35.81337267,2512.0,2519.0,14803.0,2519.0,100.0
144,2020,university,대학교,조선대학교,기존,본교,광주,광주 동구,사립,주야간,"광주광역시 동구 필문대로 309 (서석동, 조선대학교)",122,25039,4744,27463,19469,272,7722,413,767,1063,0,413,126.92915149999999,35.14074796,4324.0,4340.0,23519.0,4322.0,99.6
145,2020,university,대학교,중부대학교,기존,본교,충남,충남 금산군,사립,주간,"충청남도 금산군 추부면 대학로 201 (마전리, 중부대학교)",84,15020,2141,12156,8174,25,3957,464,301,279,0,159,127.44913559999999,36.19357927,1945.0,1943.0,14388.0,1934.0,99.5
146,2020,university,대학교,중앙대학교,기존,본교,서울,서울 동작구,사립,주야간,"서울특별시 동작구 흑석로 84 (흑석동, 중앙대학교)",65,81757,3940,25673,18747,224,6702,1815,862,585,0,499,126.95785649999999,37.50407107,3150.0,3156.0,77106.0,3125.0,99.0
147,2020,university,대학교,중앙대학교 _제2캠퍼스,기존,제2캠퍼스,경기,경기 안성시,사립,주야간,"경기도 안성시 대덕면 서동대로 4726 (내리, 중앙대학교)",52,10990,1277,6946,5017,43,1886,473,155,521,0,122,127.2301612,37.00844761,1168.0,1174.0,10736.0,1163.0,99.1
148,2020,university,대학교,중앙승가대학교,기존,본교,경기,경기 김포시,사립,주간,경기도 김포시 승가로 123 (풍무동),6,57,39,147,147,0,0,9,16,42,0,36,126.70484180000001,37.60381607,120.0,122.0,41.0,33.0,27.0
149,2020,university,대학교,백석대학교,기존,본교,충남,충남 천안시,사립,주야간,"충청남도 천안시 동남구 문암로 76 (안서동, 백석대학교)",29,26161,2966,15823,11828,64,3931,156,453,332,0,242,127.1813999,36.84166315,2790.0,2797.0,24883.0,2796.0,100.0
150,2020,university,대학교,청주대학교,기존,본교,충북,충북 청주시,사립,주야간,"충청북도 청주시 청원구 대성로 298 (내덕동, 청주대학교)",130,18894,2849,16141,10980,0,5161,398,384,441,0,218,127.49749720000001,36.65501699,2632.0,2658.0,18334.0,2653.0,99.8
151,2020,university,대학교,총신대학교,기존,본교,서울,서울 동작구,사립,주야간,"서울특별시 동작구 사당로 143 (사당동, 총신대학교)",12,1864,363,2081,1693,2,386,8,109,108,0,101,126.9666222,37.48874283,334.0,336.0,1782.0,336.0,100.0
152,2020,university,대학교,추계예술대학교,기존,본교,서울,서울 서대문구,사립,주간,"서울특별시 서대문구 북아현로11가길 7 (북아현동, 추계예술대학교)",11,3383,277,1445,1111,0,334,1,50,210,0,40,126.95295209999999,37.56167182,269.0,270.0,3331.0,266.0,98.5
153,2020,university,대학교,침례신학대학교,기존,본교,대전,대전 유성구,사립,주간,"대전광역시 유성구 북유성대로 190 (하기동, 침례신학대학교)",8,535,291,1574,1276,0,298,6,38,115,0,66,127.3254222,36.38511083,360.0,364.0,520.0,287.0,78.8
154,2020,university,대학교,칼빈대학교,기존,본교,경기,경기 용인시,사립,주야간,"경기도 용인시 기흥구 마북로 184 (마북동, 칼빈대학교)",9,323,115,701,578,0,123,226,17,83,0,28,127.1283318,37.30575844,90.0,92.0,266.0,92.0,100.0
155,2020,university,대학교,평택대학교,기존,본교,경기,경기 평택시,사립,주야간,"경기도 평택시 서동대로 3825 (용이동, 평택대학교)",54,11392,959,4820,3854,41,925,406,128,153,0,87,127.1339652,36.99463339,855.0,859.0,10939.0,855.0,99.5
156,2020,university,대학교,차의과학대학교,기존,본교,경기,경기 포천시,사립,주야간,"경기도 포천시 해룡로 120 (동교동, 포천중문의과대학)",13,2726,498,2761,2281,39,441,6,79,113,0,97,127.1377268,37.85705862,474.0,474.0,2577.0,474.0,100.0
157,2020,university,대학교,포항공과대학교,기존,본교,경북,경북 포항시,사립,주간,"경상북도 포항시 남구 청암로 77 (지곡동, 포항공과대학교)",12,2296,330,1702,1442,0,260,0,235,133,0,344,129.3206851,36.01369043,320.0,320.0,2229.0,320.0,100.0
158,2020,university,대학교,한국기술교육대학교,기존,본교,충남,충남 천안시,사립,주간+원격,"충청남도 천안시 동남구 병천면 충절로 1600 (가전리, 한국기술교육대학교)",14,6537,987,6178,4241,138,1799,28,177,220,0,433,127.28140330000001,36.76632329,836.0,836.0,6069.0,836.0,100.0
159,2020,university,대학교,한국성서대학교,기존,본교,서울,서울 노원구,사립,주간,"서울특별시 노원구 동일로214길 32 (상계동, 한국성서대학교)",11,1682,236,1242,1049,0,193,27,46,40,0,54,127.06375249999999,37.64896418,223.0,223.0,1570.0,222.0,99.6
160,2020,university,대학교,한국외국어대학교,기존,본교,서울,서울 동대문구,사립,주간,"서울특별시 동대문구 이문로 107 (이문동, 한국외국어대학교)",128,39415,3809,23596,17438,0,6158,1776,548,1135,0,348,127.05698600000001,37.5979456,3377.0,3398.0,38020.0,3385.0,99.6
161,2020,university,대학교,한국항공대학교,기존,본교,경기,경기 고양시,사립,주간,"경기도 고양시 덕양구 항공대학로 76 (화전동, 한국항공대학교)",12,8817,928,5796,3963,0,1833,80,169,107,0,243,126.86417279999999,37.59901684,827.0,829.0,8159.0,819.0,98.8
162,2020,university,대학교,한남대학교,기존,본교,대전,대전 대덕구,사립,주간,"대전광역시 대덕구 한남로 70 (오정동, 한남대학교)",86,14177,2849,15438,11091,0,4347,267,415,512,0,227,127.4246852,36.35371148,2675.0,2678.0,13482.0,2678.0,100.0
163,2020,university,대학교,한동대학교,기존,본교,경북,경북 포항시,사립,주간,"경상북도 포항시 북구 흥해읍 한동로 558 (남송리, 한동대학교)",14,3257,821,5411,3889,94,1428,96,141,154,0,137,129.3909425,36.10133453,729.0,730.0,2926.0,730.0,100.0
164,2020,university,대학교,한라대학교,기존,본교,강원,강원 원주시,사립,주간,"강원도 원주시 흥업면 한라대길 28 (흥업리, 한라대학교)",22,3718,938,5291,3730,21,1540,0,127,117,0,82,127.90758770000001,37.30450326,888.0,891.0,3517.0,882.0,99.0
165,2020,university,대학교,한림대학교,기존,본교,강원,강원 춘천시,사립,주간,"강원도 춘천시 한림대학길 1 (옥천동, 한림대학교)",51,9448,1825,10798,7800,72,2926,357,774,413,0,213,127.7386503,37.88450226,1711.0,1715.0,9042.0,1713.0,99.9
166,2020,university,대학교,한서대학교,기존,본교,충남,충남 서산시,사립,주간,"충청남도 서산시 해미면 한서1로 46 (대곡리, 한서대학교)",87,16518,1713,9277,6934,0,2343,307,252,204,0,168,126.5816942,36.6897091,1579.0,1579.0,15241.0,1580.0,100.1
167,2020,university,대학교,한성대학교,기존,본교,서울,서울 성북구,사립,주야간,"서울특별시 성북구 삼선교로16길 116 (삼선동2가, 한성대학교)",93,17810,1625,9462,6567,328,2567,182,257,271,0,201,127.00992590000001,37.58151735,1458.0,1463.0,16967.0,1456.0,99.5
168,2020,university,대학교,한세대학교,기존,본교,경기,경기 군포시,사립,주간,"경기도 군포시 한세로 30 (당정동, 한세대학교)",26,5849,616,3370,2624,0,746,27,115,233,0,83,126.9532596,37.34387345,566.0,567.0,5594.0,565.0,99.6
169,2020,university,대학교,한신대학교,기존,본교,경기,경기 오산시,사립,주간,"경기도 오산시 한신대길 137 (양산동, 한신대학교)",60,11757,1274,7435,5267,0,2168,139,178,262,0,126,127.02247390000001,37.19415759,1171.0,1173.0,11276.0,1173.0,100.0
170,2020,university,대학교,한양대학교,기존,본교,서울,서울 성동구,사립,주야간,"서울특별시 성동구 왕십리로 222 (사근동, 한양대학교)",68,63370,3547,22785,15709,1061,6015,1856,897,1623,52,588,127.04822970000001,37.55827566,2804.0,2809.0,58851.0,2795.0,99.5
171,2020,university,대학교,한양대학교(ERICA) _분교,기존,분교1,경기,경기 안산시,사립,주야간,"경기도 안산시 상록구 한양대학로 55 (사동, 한양대학교)",64,33952,2273,13427,9176,560,3691,573,360,768,63,235,126.8311416,37.29697048,1822.0,1830.0,31409.0,1827.0,99.8
172,2020,university,대학교,서울한영대학교,기존,본교,서울,서울 구로구,사립,주야간,"서울특별시 구로구 경인로 290-42 (개봉동, 한영신학대학교)",19,1088,202,919,695,0,224,0,38,50,0,45,126.8517298,37.49661393,180.0,180.0,1023.0,180.0,100.0
173,2020,university,대학교,한일장신대학교,기존,본교,전북,전북 완주군,사립,주야간,"전라북도 완주군 상관면 왜목로 726-15 (신리, 한일장신대학교)",14,733,256,1142,909,2,231,98,47,71,0,28,127.20633319999999,35.76261276,219.0,219.0,673.0,219.0,100.0
174,2020,university,대학교,협성대학교,기존,본교,경기,경기 화성시,사립,주간,"경기도 화성시 봉담읍 최루백로 72 (상리, 협성대학교)",24,8087,1062,5624,4152,57,1415,190,144,183,0,77,126.95358030000001,37.21235661,1004.0,1008.0,7610.0,1006.0,99.8
175,2020,university,대학교,호남대학교,기존,본교,광주,광주 광산구,사립,주야간,"광주광역시 광산구 호남대길 100 (서봉동, 호남대학교광산캠퍼스)",52,11121,1703,9444,7074,23,2347,734,273,113,0,112,126.76678249999999,35.15012885,1562.0,1564.0,10625.0,1560.0,99.7
176,2020,university,대학교,호남신학대학교,기존,본교,광주,광주 남구,사립,주야간,"광주광역시 남구 제중로 77 (양림동, 호남신학대학교)",4,215,139,805,526,0,279,2,38,67,0,15,126.9114794,35.14044819,139.0,139.0,215.0,139.0,100.0
177,2020,university,대학교,호서대학교,기존,본교,충남,충남 아산시,사립,주야간,"충청남도 아산시 배방읍 호서로79번길 20 (세출리, 호서대학교)",114,22666,3156,16786,12621,31,4134,361,447,319,0,211,127.07056329999999,36.73551367,2881.0,2890.0,21610.0,2887.0,99.9
178,2020,university,대학교,홍익대학교,기존,본교,서울,서울 마포구,사립,주간,"서울특별시 마포구 와우산로 94 (상수동, 홍익대학교)",52,36142,2876,17560,12136,583,4841,1092,478,373,0,333,126.9272223,37.55147166,2371.0,2394.0,33746.0,2393.0,100.0
179,2020,university,대학교,홍익대학교 _제2캠퍼스,기존,제2캠퍼스,세종,세종 ,사립,주간,"세종특별자치시 조치원읍 세종로 2639 (신안리, 홍익대학교세종캠퍼스)",36,9786,1410,8475,5865,181,2429,97,209,138,0,105,127.28969529999999,36.62023302,1299.0,1317.0,9386.0,1313.0,99.7
180,2020,university,대학교,꽃동네대학교,기존,본교,충북,충북 청주시,사립,주간,"충청북도 청주시 서원구 현도면 상삼길 133 (상삼리, 꽃동네대학교)",5,489,112,584,457,0,127,0,26,31,0,36,127.40314860000001,36.52233352,108.0,108.0,468.0,108.0,100.0
181,2020,university,대학교,남부대학교,기존,본교,광주,광주 광산구,사립,주간,"광주광역시 광산구 첨단중앙로 23 (월계동, 남부대학교)",31,4100,768,3763,3053,13,697,292,113,109,0,90,126.83950790000002,35.20855222,705.0,707.0,3833.0,702.0,99.3
182,2020,university,대학교,예원예술대학교,기존,본교,전북,전북 임실군,사립,주간,"전라북도 임실군 신평면 창인로 117 (창인리, 예원예술학교)",26,1125,365,1347,1073,0,274,400,53,84,0,23,127.2701369,35.64662985,207.0,210.0,900.0,206.0,98.1
183,2020,university,대학교,예원예술대학교 _제2캠퍼스,기존,제2캠퍼스,경기,경기 양주시,사립,주간,"경기도 양주시 은현면 화합로1134번길 110 (용암리, 예원예술대학교양주캠퍼스)",11,1102,113,519,408,0,111,9,16,30,0,17,127.04115530000001,37.85136023,99.0,100.0,1057.0,98.0,98.0
184,2020,university,대학교,목포가톨릭대학교,기존,본교,전남,전남 목포시,사립,주야간,"전라남도 목포시 영산로 697 (석현동, 목포가톨릭대학교)",3,126,126,567,509,0,58,2,18,30,0,20,126.4196953,34.827149299999995,120.0,120.0,120.0,120.0,100.0
185,2020,university,대학교,부산장신대학교,기존,본교,경남,경남 김해시,사립,주간,경상남도 김해시 김해대로 1894-68 (구산동),4,95,49,277,221,0,56,1,22,11,0,14,128.86162720000002,35.2563708,49.0,49.0,89.0,48.0,98.0
186,2020,university,대학교,금강대학교,기존,본교,충남,충남 논산시,사립,주간,"충청남도 논산시 상월면 상월로 522 (대명리, 금강대학교)",17,148,90,589,393,1,195,2,15,44,0,42,127.1948256,36.30467475,110.0,110.0,148.0,90.0,81.8
187,2020,university,대학교,예수대학교,기존,본교,전북,전북 전주시,사립,주간,"전라북도 전주시 완산구 서원로 383 (중화산동1가, 예수대학교)",2,794,131,615,551,0,64,0,22,15,0,22,127.1347774,35.81542646,124.0,125.0,758.0,125.0,100.0
188,2020,university,대학교,한국국제대학교,기존,본교,경남,경남 진주시,사립,주야간,"경상남도 진주시 문산읍 동부로 965 (상문리, 한국국제대학교)",43,1048,179,2497,1613,16,868,30,77,77,0,47,128.20399440000003,35.1743764,540.0,538.0,1001.0,175.0,32.5
189,2020,university,대학교,광주대학교,기존,본교,광주,광주 남구,사립,주간,"광주광역시 남구 효덕로 277 (진월동, 광주대학교)",72,9482,1721,9032,6963,93,1976,86,250,189,0,129,126.89626159999999,35.10696836,1644.0,1647.0,9031.0,1624.0,98.6
190,2020,university,대학교,신경대학교,기존,본교,경기,경기 화성시,사립,주간,"경기도 화성시 남양읍 남양중앙로 400-5 (남양리, 신경대학교)",17,1530,163,1026,569,1,456,0,37,23,0,20,126.8404947,37.202733200000004,246.0,246.0,1474.0,161.0,65.4
191,2020,university,대학교,동명대학교,기존,본교,부산,부산 남구,사립,주간,"부산광역시 남구 신선로 428 (용당동, 동명대학교)",63,12768,2027,11746,7835,62,3849,405,277,240,0,143,129.10096370000002,35.12397116,1818.0,1821.0,11990.0,1768.0,97.1
192,2020,university,대학교,영산대학교,기존,본교,경남,경남 양산시,사립,주간,"경상남도 양산시 주남로 288 (주남동, 영산대학교양산캠퍼스)",37,4287,685,3725,2880,3,842,19,102,150,0,103,129.1459242,35.4287333,655.0,656.0,4115.0,653.0,99.5
193,2020,university,대학교,영산대학교 _제2캠퍼스,기존,제2캠퍼스,부산,부산 해운대구,사립,주간,"부산광역시 해운대구 반송순환로 142 (반송동, 영산대학교해운대캠퍼스)",66,4673,938,4892,4031,2,859,385,125,168,0,42,129.1562365,35.22441488,845.0,845.0,4405.0,845.0,100.0
194,2020,university,대학교,대전신학대학교,기존,본교,대전,대전 대덕구,사립,주간,"대전광역시 대덕구 한남로 41 (오정동, 대전신학대학교)",1,34,16,102,85,0,17,1,12,6,0,9,127.42402120000001,36.34955604,32.0,32.0,34.0,16.0,50.0
195,2020,university,대학교,중원대학교,기존,본교,충북,충북 괴산군,사립,주간,"충청북도 괴산군 괴산읍 문무로 85 (동부리, 중원대학교)",34,5769,1043,5591,4068,17,1506,93,139,103,0,158,127.79630149999998,36.81956397,968.0,978.0,5437.0,951.0,97.2
196,2020,university,대학교,우송대학교,기존,본교,대전,대전 동구,사립,주간,"대전광역시 동구 동대전로 171 (자양동, 우송정보대학,우송대서캠퍼스)",42,18844,2174,12769,9746,25,2998,1508,339,441,0,173,127.4465531,36.33950369,2004.0,2007.0,18079.0,2007.0,100.0
197,2020,university,대학교,김천대학교,기존,본교,경북,경북 김천시,사립,주간,"경상북도 김천시 대학로 214 (삼락동, 김천대학교)",40,3408,731,3834,2998,1,835,204,135,81,0,80,128.08183929999998,36.13940462,691.0,691.0,3206.0,659.0,95.4
198,2020,university,대학교,한려대학교,기존,본교,전남,전남 광양시,사립,주야간,"전라남도 광양시 광양읍 한려대길 94-13 (덕례리, 한려대학교)",16,509,79,454,373,0,81,0,40,17,0,15,127.56550490000001,34.95611418,205.0,205.0,484.0,77.0,37.6
199,2020,university,대학교,송원대학교,기존,본교,광주,광주 남구,사립,주야간,"광주광역시 남구 송암로 73 (송하동, 송원대학)",35,4162,793,3923,2980,0,943,109,122,94,0,71,126.8758738,35.10907763,720.0,720.0,3894.0,720.0,100.0
200,2020,university,대학교,경운대학교,기존,본교,경북,경북 구미시,사립,주야간,"경상북도 구미시 산동면 강동로 730 (인덕리, 경운대학교)",58,7482,1227,6107,4338,2,1767,1,196,207,0,148,128.4686256,36.16984182,1184.0,1184.0,7130.0,1165.0,98.4
201,2020,university,대학교,남서울대학교,기존,본교,충남,충남 천안시,사립,주야간,"충청남도 천안시 서북구 성환읍 대학로 91 (매주리, 남서울대학교)",43,17559,2328,12784,9502,39,3243,455,316,300,0,173,127.14491890000001,36.90917249,2164.0,2164.0,16708.0,2164.0,100.0
202,2020,university,대학교,초당대학교,기존,본교,전남,전남 무안군,사립,주야간,"전라남도 무안군 무안읍 무안로 380 (성남리, 초당대학교)",36,5090,793,4141,3220,1,920,148,114,115,0,96,126.4737631,34.97726945,752.0,752.0,4817.0,752.0,100.0
203,2020,university,대학교,한국산업기술대학교,기존,본교,경기,경기 시흥시,사립,주간,"경기도 시흥시 산기대학로 237 (정왕동, 한국산업기술대학교)",35,16686,1701,9661,6799,69,2793,36,254,282,0,149,126.7332007,37.3404479,1380.0,1382.0,15263.0,1381.0,99.9
204,2020,university,대학교,제주국제대학교,기존,본교,제주,제주 제주시,사립,주야간,제주특별자치도 제주시 516로 2870 (영평동),51,450,166,1486,928,0,558,7,61,83,0,45,126.5691407,33.44315843,370.0,370.0,440.0,164.0,44.3
205,2020,university,대학교,창신대학교,기존,본교,경남,경남 창원시,사립,주야간,"경상남도 창원시 마산회원구 팔용로 262 (합성동, 창신대학)",19,3005,523,2398,1896,3,499,63,91,138,0,49,128.5998024,35.24515426,500.0,500.0,2881.0,500.0,100.0
206,2020,university,대학교,신한대학교,기존,본교,경기,경기 동두천시,사립,주야간,"경기도 동두천시 벌마들로40번길 30 (상패동, 신한대학교)",8,3171,359,1868,1379,25,464,31,82,133,0,46,127.03206399999999,37.90526958,336.0,340.0,2968.0,340.0,100.0
207,2020,university,대학교,신한대학교 _제2캠퍼스,기존,제2캠퍼스,경기,경기 의정부시,사립,주야간,"경기도 의정부시 호암로 95 (호원동, 신한대학교)",29,11789,1218,6503,4959,100,1444,430,141,193,0,238,127.0454152,37.70900478,1117.0,1126.0,11233.0,1126.0,100.0
208,2020,university,대학교,울산과학기술원,기존,본교,울산,울산 울주군,특별법법인,주간,"울산광역시 울주군 언양읍 유니스트길 50 (반연리, 울산과학기술대학교)",12,3838,378,2832,2076,0,756,165,295,124,0,438,129.1882148,35.57720319,360.0,360.0,3602.0,357.0,99.2
209,2020,university,교육대학,공주교육대학교,기존,본교,충남,충남 공주시,국립,주간,"충청남도 공주시 웅진로 27 (봉황동, 공주교육대학교)",12,1573,380,1490,1439,2,49,1,79,88,0,74,127.11970159999998,36.44483242,354.0,355.0,1461.0,355.0,100.0
210,2020,university,교육대학,광주교육대학교,기존,본교,광주,광주 북구,국립,주간,"광주광역시 북구 필문대로 55 (풍향동, 광주교육대학교)",13,1663,350,1389,1364,0,25,0,73,118,0,99,126.92715929999999,35.16627262,326.0,327.0,1559.0,327.0,100.0
211,2020,university,교육대학,대구교육대학교,기존,본교,대구,대구 남구,국립,주간,"대구광역시 남구 중앙대로 219 (대명동, 대구교육대학교)",13,1752,413,1658,1620,0,38,0,91,160,0,101,128.5897987,35.85304406,383.0,383.0,1633.0,383.0,100.0
212,2020,university,교육대학,부산교육대학교,기존,본교,부산,부산 연제구,국립,주간,"부산광역시 연제구 교대로 24 (거제동, 부산교육대학교)",13,1772,386,1568,1527,0,41,0,83,137,0,83,129.0728975,35.19450495,356.0,357.0,1649.0,357.0,100.0
213,2020,university,교육대학,서울교육대학교,기존,본교,서울,서울 서초구,국립,주간,"서울특별시 서초구 서초중앙로 96 (서초동, 서울교육대학교,서울교대초등학교)",13,1369,394,1606,1553,0,53,0,93,257,0,169,127.0151788,37.48876279,355.0,355.0,1220.0,355.0,100.0
214,2020,university,교육대학,경인교육대학교,기존,본교,인천,인천 계양구,국립,주간,"인천광역시 계양구 계산로 62 (계산동, 경인교육대학교)",14,2256,656,1313,1289,0,24,0,134,234,0,180,126.7171743,37.53712318,598.0,598.0,2061.0,595.0,99.5
215,2020,university,교육대학,경인교육대학교,기존,제2캠퍼스,경기,경기 안양시,국립,주간,"경기도 안양시 만안구 삼막로 155 (석수동, 경인교육대학교)",14,0,0,1420,1378,0,42,0,0,0,0,0,126.9171145,37.43376032,598.0,598.0,2061.0,595.0,99.5
216,2020,university,교육대학,전주교육대학교,기존,본교,전북,전북 전주시,국립,주간,"전라북도 전주시 완산구 서학로 50 (동서학동, 전주교육대학교)",12,770,297,1214,1190,0,24,0,58,152,0,77,127.1538068,35.80916802,285.0,286.0,742.0,282.0,98.6
217,2020,university,교육대학,진주교육대학교,기존,본교,경남,경남 진주시,국립,주간,"경상남도 진주시 진양호로369번길 3 (신안동, 진주교육대학교)",12,2141,337,1371,1330,0,41,0,68,119,0,89,128.06553689999998,35.18625153,,,,,
218,2020,university,교육대학,청주교육대학교,기존,본교,충북,충북 청주시,국립,주간,"충청북도 청주시 서원구 청남로 2065 (수곡동, 청주교육대학교)",12,1641,306,1234,1191,0,43,0,69,111,0,61,127.4847659,36.61611296,286.0,286.0,1525.0,285.0,99.7
219,2020,university,교육대학,춘천교육대학교,기존,본교,강원,강원 춘천시,국립,주간,"강원도 춘천시 공지로 126 (석사동, 춘천교육대학교)",12,2242,342,1365,1333,0,32,0,79,78,0,77,127.7506182,37.85923744,321.0,321.0,2100.0,321.0,100.0
220,2020,university,방송통신대학,한국방송통신대학교,기존,본교,서울,서울 종로구,국립,주야간+원격,"서울특별시 종로구 대학로 86 (동숭동, 한국방송통신대학교)",34,16435,13161,144239,103314,0,40925,557,149,79,0,634,127.00266090000002,37.57846638,55050.0,55050.0,16040.0,13196.0,24.0
221,2020,university,산업대학,호원대학교,기존,본교,전북,전북 군산시,사립,주야간,"전라북도 군산시 임피면 호원대3길 64 (월하리, 호원대학교)",154,13855,1385,7034,5436,12,1586,73,163,331,0,95,126.8657842,35.96704032,1147.0,1111.0,13153.0,1105.0,99.5
222,2020,university,산업대학,청운대학교,기존,본교,충남,충남 홍성군,사립,주야간,"충청남도 홍성군 홍성읍 대학길 25 (남장리, 청운대학교)",91,11922,1439,8350,6468,41,1841,83,183,291,0,134,126.6645182,36.5823646,1241.0,1255.0,11264.0,1190.0,94.8
223,2020,university,기술대학,정석대학,기존,본교,서울,서울 강서구,사립,야간,"서울특별시 강서구 하늘길 260 (공항동, 대한항공)",2,31,31,60,58,0,2,0,0,37,0,0,126.81428329999999,37.54774545,25.0,100.0,31.0,31.0,31.0
224,2020,university,사이버대학(대학),경희사이버대학교,기존,본교,서울,서울 동대문구,사립,원격,"서울특별시 동대문구 경희대로 26 (회기동, 경희사이버대학교)",39,3532,2840,10786,9585,0,1201,138,53,364,0,113,127.05611280000001,37.59379956,3000.0,3000.0,2497.0,2009.0,67.0
225,2020,university,사이버대학(대학),국제사이버대학교,기존,본교,경기,경기 수원시,사립,원격,경기도 수원시 팔달구 경수대로 490 (인계동),5,1492,1035,3590,3119,0,471,2,16,117,0,34,127.02822309999999,37.26959395,900.0,900.0,1286.0,900.0,100.0
226,2020,university,사이버대학(대학),대구사이버대학교,기존,본교,경북,경북 경산시,사립,원격,"경상북도 경산시 진량읍 대구대로 201 (내리리, 대구대학교경산캠퍼스)",13,2059,1474,5052,4038,0,1014,11,25,204,0,48,128.852735,35.89803204,1500.0,1500.0,1851.0,1150.0,76.7
227,2020,university,사이버대학(대학),부산디지털대학교,기존,본교,부산,부산 사상구,사립,원격,"부산광역시 사상구 주례로 57 (주례동, 부산디지털대학교)",9,1109,808,2824,2366,0,458,1,20,63,0,34,129.00916809999998,35.14626054,1000.0,1000.0,1076.0,788.0,78.8
228,2020,university,사이버대학(대학),서울디지털대학교,기존,본교,서울,서울 강서구,사립,원격,"서울특별시 강서구 공항대로 424 (화곡동, 서울디지털대학교)",27,3169,1899,11485,9880,0,1605,47,53,225,0,63,126.85393619999999,37.55487670000001,3000.0,1800.0,2160.0,1192.0,66.2
229,2020,university,사이버대학(대학),서울사이버대학교,기존,본교,서울,서울 강북구,사립,원격,"서울특별시 강북구 솔매로49길 60 (미아동, 서울사이버대학교)",32,6180,3908,13418,11947,0,1471,60,59,310,0,84,127.0275159,37.62979963,3270.0,3270.0,4049.0,2702.0,82.6
230,2020,university,사이버대학(대학),세종사이버대학교 ,기존,본교,서울,서울 광진구,사립,원격,"서울특별시 광진구 군자로 121 (군자동, 세종사이버대학)",35,4703,2794,9674,8805,0,869,41,34,265,0,67,127.0726344,37.55338096,,,,,
231,2020,university,사이버대학(대학),한국열린사이버대학교,기존,본교,서울,서울 중랑구,사립,원격,"서울특별시 중랑구 망우로 353 (상봉동, 상봉프레미어스엠코)",14,3473,1791,6253,5732,0,521,6,17,240,0,70,127.09162420000001,37.59833301,1000.0,1000.0,1798.0,1000.0,100.0
232,2020,university,사이버대학(대학),원광디지털대학교,기존,본교,전북,전북 익산시,사립,원격,"전라북도 익산시 익산대로 460 (신동, 원광디지털대학교)",18,1693,1398,6762,5215,0,1547,36,25,225,0,43,126.96022340000002,35.97171387,1500.0,1500.0,1558.0,1297.0,86.5
233,2020,university,사이버대학(대학),고려사이버대학교,기존,본교,서울,서울 종로구,사립,원격,"서울특별시 종로구 북촌로 106 (계동, 고려사이버대학교)",21,3352,2034,10751,9385,0,1366,127,44,206,0,67,126.9870631,37.58694438,2485.0,2485.0,2928.0,1822.0,73.3
234,2020,university,사이버대학(대학),숭실사이버대학교,기존,본교,서울,서울 종로구,사립,원격,"서울특별시 종로구 삼일대로30길 23 (익선동, BIZWELL종로오피스텔)",23,2219,1636,7198,6316,0,882,26,36,172,0,59,126.98877590000001,37.57447485,1650.0,1650.0,1710.0,1235.0,74.8
235,2020,university,사이버대학(대학),디지털서울문화예술대학교,기존,본교,서울,서울 서대문구,사립,원격,"서울특별시 서대문구 통일로37길 60 (홍제동, 디지털서울문화예술대학교)",19,1701,889,4382,3553,0,829,12,23,181,0,62,126.94388000000001,37.58544521,990.0,990.0,1467.0,765.0,77.3
236,2020,university,사이버대학(대학),한양사이버대학교,기존,본교,서울,서울 성동구,사립,원격,"서울특별시 성동구 왕십리로 220 (행당동, 한양사이버대학교)",49,5107,3816,16174,15065,0,1109,52,77,228,6,84,127.0475195,37.55718681,3240.0,3240.0,3662.0,2701.0,83.4
237,2020,university,사이버대학(대학),사이버한국외국어대학교,기존,본교,서울,서울 동대문구,사립,원격,"서울특별시 동대문구 이문로 107 (이문동, 한국외국어대학교)",10,2742,1928,7968,6618,0,1350,221,32,131,0,35,127.05698600000001,37.5979456,1600.0,1600.0,1913.0,1360.0,85.0
238,2020,university,사이버대학(대학),화신사이버대학교,기존,본교,부산,부산 연제구,사립,원격,"부산광역시 연제구 고분로191번길 1 (연산동, 화신사이버대학교)",2,915,555,1532,1397,0,135,0,11,20,0,15,129.1032577,35.18574559,430.0,430.0,756.0,430.0,100.0
239,2020,university,사이버대학(대학),글로벌사이버대학교,기존,본교,충남,충남 천안시,사립,원격,"충청남도 천안시 동남구 목천읍 교천지산길 284-88 (지산리, 글로벌사이버대학교)",11,1265,941,2739,2454,0,285,8,18,116,0,42,127.1994106,36.79388839,1100.0,1100.0,1247.0,936.0,85.1
240,2020,university,사이버대학(대학),건양사이버대학교,기존,본교,대전,대전 서구,사립,원격,"대전광역시 서구 관저동로 158 (관저동, 건양대학교병원)",11,1098,939,3637,3466,0,171,13,20,89,0,29,127.3445629,36.30698032,900.0,900.0,837.0,724.0,80.4
241,2020,university,대학교,한국과학기술원,기존,본교,대전,대전 유성구,특별법법인,주간,"대전광역시 유성구 대학로 291 (구성동, 한국과학기술원)",20,4549,722,4575,3822,0,753,302,517,495,0,2301,127.36710649999999,36.3711985,970.0,710.0,4445.0,706.0,99.4
242,2020,university,대학교,광주과학기술원,기존,본교,광주,광주 북구,특별법법인,주간,"광주광역시 북구 첨단과기로 123 (오룡동, 광주과학기술원)",8,2934,196,965,739,0,226,1,21,56,0,705,126.8382904,35.22717334,200.0,198.0,2934.0,196.0,99.0
243,2020,university,대학교,대구경북과학기술원,기존,본교,대구,대구 달성군,특별법법인,주간,대구광역시 달성군 현풍면 테크노중앙대로 333 (상리),1,3466,231,952,769,0,183,0,10,51,0,492,128.4619245,35.70420649,220.0,220.0,3466.0,231.0,105.0
244,2020,university,대학교,한국전통문화대학교,기존,본교,충남,충남 부여군,특별법국립,주간,"충청남도 부여군 규암면 백제문로 367 (합정리, 한국전통문화학교)",7,1024,146,760,592,0,168,0,30,128,0,62,126.89721259999999,36.30979786,140.0,140.0,992.0,140.0,100.0
0,2020,junior_college,전문대학(2년제),강원도립대학교,기존,본교,강원,강원 강릉시,공립,주간,"강원도 강릉시 주문진읍 연주로 270 (교항리, 강원도립대학)",28,1718,315,1029,635,0,394,0,31,94,0,62,128.831711,37.87617175,312.0,312.0,1714.0,312.0,100.0
1,2020,junior_college,전문대학(2년제),경남도립거창대학,기존,본교,경남,경남 거창군,공립,주간,"경상남도 거창군 거창읍 거창대학로 72 (대평리, 경남도립거창대학)",13,1704,406,1204,856,0,348,0,30,77,0,49,127.91219720000001,35.67508085,405.0,405.0,1689.0,405.0,100.0
2,2020,junior_college,전문대학(2년제),경남도립남해대학,기존,본교,경남,경남 남해군,공립,주야간,"경상남도 남해군 남해읍 화전로78번길 30 (남변리, 경남도립남해대학)",15,1925,398,1355,783,0,572,0,25,69,0,51,127.8962688,34.83677428,375.0,375.0,1853.0,375.0,100.0
3,2020,junior_college,전문대학(2년제),경북도립대학교,기존,본교,경북,경북 예천군,공립,주야간,"경상북도 예천군 예천읍 도립대학길 114 (청복리, 경북도립대학교)",18,1997,398,1239,856,0,383,0,29,109,0,38,128.4561181,36.642748600000004,365.0,365.0,1928.0,365.0,100.0
4,2020,junior_college,전문대학(2년제),충북도립대학교,기존,본교,충북,충북 옥천군,공립,주간,"충청북도 옥천군 옥천읍 대학길 15 (문정리, 충북도립대학교)",18,3949,422,1267,837,0,430,1,31,59,0,59,127.5721355,36.29999489,420.0,420.0,3938.0,417.0,99.3
5,2020,junior_college,전문대학(3년제),충남도립대학교,기존,본교,충남,충남 청양군,공립,주야간,"충청남도 청양군 청양읍 학사길 55 (벽천리, 충남도립대학교)",28,3415,509,1503,1005,0,498,0,33,108,0,51,126.80282199999999,36.43647759,456.0,456.0,3269.0,456.0,100.0
6,2020,junior_college,전문대학(3년제),한국복지대학교,기존,본교,경기,경기 평택시,국립,주간,"경기도 평택시 삼남로 283 (장안동, 국립한국재활복지대학)",27,1268,291,840,667,3,170,5,56,109,0,99,127.09503810000001,37.05070232,211.0,211.0,1112.0,211.0,100.0
7,2020,junior_college,전문대학(3년제),가톨릭상지대학교,기존,본교,경북,경북 안동시,사립,주야간,"경상북도 안동시 상지길 45 (율세동, 가톨릭상지대학교)",30,5114,768,2476,1860,6,610,27,53,153,0,59,128.73439869999999,36.56951679,622.0,622.0,4638.0,566.0,91.0
8,2020,junior_college,전문대학(4년제),군산간호대학교,기존,본교,전북,전북 군산시,사립,주간,"전라북도 군산시 동개정길 7 (개정동, 군산간호대학교)",1,2308,304,1278,1152,0,126,0,33,41,0,28,126.76055090000001,35.97094254,221.0,221.0,1883.0,221.0,100.0
9,2020,junior_college,전문대학(3년제),거제대학교,기존,본교,경남,경남 거제시,사립,주야간,"경상남도 거제시 마전1길 91 (장승포동, 거제대학)",20,1774,394,1613,1181,4,428,81,40,68,0,39,128.7256924,34.84911052,420.0,420.0,1612.0,311.0,74.0
10,2020,junior_college,전문대학(3년제),경남정보대학교,기존,본교,부산,부산 사상구,사립,주야간,"부산광역시 사상구 주례로 45 (주례동, 경남정보대학)",91,44155,3050,11632,6665,11,4956,6,182,406,0,129,129.010858,35.14593401,2578.0,2578.0,41417.0,2355.0,91.3
11,2020,junior_college,전문대학(2년제),호산대학교,기존,본교,경북,경북 경산시,사립,주야간,"경상북도 경산시 하양읍 대경로105길 19 (부호리, 호산대학교)",37,4278,817,2235,1923,0,312,86,59,114,0,29,128.8014681,35.90105751,667.0,667.0,3791.0,611.0,91.6
12,2020,junior_college,전문대학(3년제),경민대학교,기존,본교,경기,경기 의정부시,사립,주야간,"경기도 의정부시 서부로 545 (가능동, 경민대학)",57,15265,2064,7010,4432,0,2578,7,124,255,0,101,127.0248772,37.74727964,1573.0,1573.0,13890.0,1573.0,100.0
13,2020,junior_college,전문대학(2년제),영남외국어대학,기존,본교,경북,경북 경산시,사립,주야간,"경상북도 경산시 남천면 남천로 780-9 (협석리, 영남외국어대학)",10,902,230,534,503,0,31,0,17,22,0,11,128.7334803,35.78642281,367.0,367.0,825.0,210.0,57.2
14,2020,junior_college,전문대학(3년제),경북전문대학교,기존,본교,경북,경북 영주시,사립,주야간,"경상북도 영주시 대학로 77 (휴천동, 경북전문대학교)",42,9883,1229,3736,2853,0,883,1,84,193,0,69,128.61610249999998,36.80642343,920.0,920.0,9061.0,902.0,98.0
15,2020,junior_college,전문대학(3년제),경복대학교,기존,본교,경기,경기 남양주시,사립,주야간,"경기도 남양주시 진접읍 경복대로 425 (금곡리, 경복대학교)",79,13406,2573,8100,6455,0,1645,28,173,323,0,77,127.21159170000001,37.73510702,1905.0,1905.0,11937.0,1905.0,100.0
16,2020,junior_college,전문대학(3년제),경인여자대학교,기존,본교,인천,인천 계양구,사립,주야간,"인천광역시 계양구 계양산로 63 (계산동, 경인여자대학)",55,19994,2138,5095,4722,0,373,78,116,203,0,59,126.72228009999999,37.54819606,1668.0,1668.0,18158.0,1668.0,100.0
17,2020,junior_college,전문대학(2년제),서라벌대학교,기존,본교,경북,경북 경주시,사립,주야간,"경상북도 경주시 태종로 516 (충효동, 서라벌대학)",12,1027,205,753,633,0,120,0,25,45,0,27,129.1844031,35.84039464,235.0,235.0,939.0,189.0,80.4
18,2020,junior_college,전문대학(2년제),계명문화대학교,기존,본교,대구,대구 달서구,사립,주야간,"대구광역시 달서구 달서대로 675 (신당동, 계명문화대학교)",49,11838,2303,7334,5008,0,2326,108,123,547,0,92,128.49154860000002,35.86001226,2116.0,2116.0,10732.0,1916.0,90.5
19,2020,junior_college,전문대학(2년제),계원예술대학교,기존,본교,경기,경기 의왕시,사립,주간,"경기도 의왕시 계원대학로 66 (내손동, 계원예술대학교)",35,6072,1318,4221,3009,0,1212,3,85,195,0,75,126.9790159,37.37911873,1069.0,1069.0,5600.0,1069.0,100.0
20,2020,junior_college,전문대학(3년제),광양보건대학교,기존,본교,전남,전남 광양시,사립,주간,"전라남도 광양시 광양읍 대학로 85 (덕례리, 광양보건대학)",14,916,96,823,648,0,175,0,47,33,0,15,127.56829240000002,34.95357872,655.0,495.0,862.0,89.0,18.0
21,2020,junior_college,전문대학(3년제),광주보건대학교,기존,본교,광주,광주 광산구,사립,주야간,"광주광역시 광산구 북문대로419번길 73 (신창동, 광주보건대학)",23,8896,1488,4830,3733,0,1097,4,102,175,0,59,126.84661909999998,35.19146528,1101.0,1101.0,7587.0,1101.0,100.0
22,2020,junior_college,전문대학(2년제),구미대학교,기존,본교,경북,경북 구미시,사립,주야간,"경상북도 구미시 야은로 37 (부곡동, 구미대학교)",94,11380,2421,6874,5066,0,1808,22,124,215,0,65,128.2890887,36.15216648,1541.0,1541.0,9817.0,1541.0,100.0
23,2020,junior_college,전문대학(3년제),서해대학,기존,본교,전북,전북 군산시,사립,주야간,"전라북도 군산시 서해대길 6 (오룡동, 서해대학)",28,172,0,402,241,0,161,0,25,16,0,9,126.7085517,35.97924789,550.0,550.0,168.0,0.0,0.0
24,2020,junior_college,전문대학(3년제),군장대학교,기존,본교,전북,전북 군산시,사립,주야간,"전라북도 군산시 성산면 군장대길 13 (도암리, 군장대학)",38,2761,872,2236,1904,0,332,122,53,134,0,58,126.7854203,36.00132077,675.0,675.0,2388.0,643.0,95.3
25,2020,junior_college,전문대학(4년제),강동대학교,기존,본교,충북,충북 음성군,사립,주간,"충청북도 음성군 감곡면 대학길 278 (단평리, 강동대학교)",62,14400,1505,5221,3534,1,1686,6,107,153,0,40,127.64737759999998,37.14291399,1708.0,1708.0,13740.0,1370.0,80.2
26,2020,junior_college,전문대학(3년제),고구려대학교,기존,본교,전남,전남 나주시,사립,주야간,"전라남도 나주시 다시면 백호로 125 (복암리, 고구려대학)",69,1545,914,2135,1903,0,232,14,65,104,0,22,126.6497031,35.00699568,934.0,934.0,1436.0,862.0,92.3
27,2020,junior_college,전문대학(4년제),기독간호대학교,기존,본교,광주,광주 남구,사립,주간,"광주광역시 남구 백서로70번길 6 (양림동, 기독간호대학)",2,1063,172,662,595,0,67,0,20,14,0,16,126.91610190000002,35.13847778,111.0,111.0,800.0,111.0,100.0
28,2020,junior_college,전문대학(3년제),전주기전대학,기존,본교,전북,전북 전주시,사립,주야간,"전라북도 전주시 완산구 전주천서로 267 (중화산동1가, 전주기전대학)",13,2531,749,2039,1743,8,288,129,58,137,0,26,127.13507379999999,35.81731174,813.0,813.0,2435.0,709.0,87.2
29,2020,junior_college,전문대학(2년제),경북보건대학교,기존,본교,경북,경북 김천시,사립,주간,"경상북도 김천시 대학로 168 (삼락동, 경북보건대학교)",8,2253,375,1477,1250,0,227,0,41,86,0,32,128.0837631,36.13820736,367.0,367.0,2091.0,342.0,93.2
30,2020,junior_college,전문대학(3년제),김포대학교,기존,본교,경기,경기 김포시,사립,주간,"경기도 김포시 월곶면 김포대학로 97 (포내리, 김포대학교)",72,13704,1548,5034,3424,2,1608,57,88,154,0,91,126.54608780000001,37.72988312,1294.0,1294.0,12861.0,1158.0,89.5
31,2020,junior_college,전문대학(3년제),농협대학교,기존,본교,경기,경기 고양시,사립,주간,"경기도 고양시 덕양구 서삼릉길 281 (원당동, 농협대학)",5,1170,179,541,444,0,97,2,12,23,0,23,126.87322820000001,37.65951209,59.0,59.0,591.0,59.0,100.0
32,2020,junior_college,전문대학(2년제),대경대학교,기존,본교,경북,경북 경산시,사립,주야간,"경상북도 경산시 자인면 단북1길 65 (단북리, 대경대학)",49,9291,1831,5449,4109,3,1337,38,111,300,0,52,128.8238366,35.8356104,1652.0,1652.0,8574.0,1536.0,93.0
33,2020,junior_college,전문대학(2년제),대구공업대학교,기존,본교,대구,대구 달서구,사립,주간,"대구광역시 달서구 송현로 205 (본동, 대구공업대학)",23,5471,847,2845,1661,0,1184,261,54,133,0,63,128.5414134,35.83500336,800.0,800.0,5012.0,741.0,92.6
34,2020,junior_college,전문대학(3년제),대구보건대학교,기존,본교,대구,대구 북구,사립,주야간,"대구광역시 북구 영송로 15 (태전동, 대구보건대학)",38,22711,2727,8901,6959,0,1942,82,182,477,0,121,128.54259340000002,35.92794567,2188.0,2188.0,19595.0,2069.0,94.6
35,2020,junior_college,전문대학(3년제),수성대학교,기존,본교,대구,대구 수성구,사립,주야간,"대구광역시 수성구 달구벌대로528길 15 (만촌동, 수성대학교)",48,9503,1430,4961,3484,0,1477,167,84,235,0,102,128.649585,35.85521978,1380.0,1380.0,8842.0,1274.0,92.3
36,2020,junior_college,전문대학(2년제),대구과학대학교,기존,본교,대구,대구 북구,사립,주야간,"대구광역시 북구 영송로 47 (태전동, 대구과학대학)",37,13061,1656,5080,4093,0,987,3,133,288,0,113,128.543181,35.93038261,1552.0,1552.0,11986.0,1474.0,95.0
37,2020,junior_college,전문대학(2년제),대동대학교,기존,본교,부산,부산 금정구,사립,주야간,"부산광역시 금정구 동부곡로27번길 88 (부곡동, 대동대학교)",12,5688,560,1824,1518,0,306,2,43,119,0,54,129.0958645,35.22913217,527.0,527.0,4808.0,475.0,90.1
38,2020,junior_college,전문대학(3년제),대림대학교,기존,본교,경기,경기 안양시,사립,주야간,"경기도 안양시 동안구 임곡로 29 (비산동, 대림대학교)",119,21023,3223,10459,7325,0,3134,27,172,396,0,111,126.9310912,37.40350534,2278.0,2278.0,19098.0,2278.0,100.0
39,2020,junior_college,전문대학(2년제),대원대학교,기존,본교,충북,충북 제천시,사립,주야간,"충청북도 제천시 대학로 316 (신월동, 대원대학)",48,8811,1004,3152,2412,0,740,14,78,141,0,43,128.1933844,37.17558231,1035.0,1035.0,8561.0,902.0,87.1
40,2020,junior_college,전문대학(2년제),동서울대학교,기존,본교,경기,경기 성남시,사립,주야간,"경기도 성남시 수정구 복정로 76 (복정동, 동서울대학)",94,31019,2707,8811,6045,0,2766,4,164,263,0,79,127.12964040000001,37.4608731,2279.0,2279.0,29812.0,2279.0,100.0
41,2020,junior_college,전문대학(2년제),대전보건대학교,기존,본교,대전,대전 동구,사립,주야간,"대전광역시 동구 충정로 21 (가양동, 대전보건대학)",66,17852,2331,7440,5697,0,1743,0,157,217,0,80,127.455629,36.34860063,1865.0,1865.0,16362.0,1857.0,99.6
42,2020,junior_college,전문대학(3년제),우송정보대학,기존,본교,대전,대전 동구,사립,주간,"대전광역시 동구 백룡로 59 (자양동, 우송정보대학동캠퍼스)",53,16580,2155,6890,4557,2,2331,90,119,304,0,77,127.45407560000001,36.33694761,2195.0,2195.0,16055.0,1968.0,89.7
43,2020,junior_college,전문대학(3년제),대전과학기술대학교,기존,본교,대전,대전 서구,사립,주간,"대전광역시 서구 혜천로 100 (복수동, 대전과학기술대학교)",47,14683,1874,5661,4446,0,1215,3,124,248,0,83,127.3744562,36.30315682,1739.0,1739.0,13626.0,1629.0,93.7
44,2020,junior_college,전문대학(2년제),아주자동차대학,기존,본교,충남,충남 보령시,사립,주간,"충청남도 보령시 주포면 대학길 106 (관산리, 아주자동차대학교)",1,398,398,2321,910,0,1411,75,27,27,0,16,126.57957079999998,36.40350852,494.0,494.0,1979.0,390.0,78.9
45,2020,junior_college,전문대학(2년제),인천재능대학교,기존,본교,인천,인천 동구,사립,주간,"인천광역시 동구 재능로 178 (송림동, 재능대학)",56,15805,1950,5993,3951,0,2042,4,97,191,0,83,126.6511138,37.47483935,1576.0,1576.0,14950.0,1576.0,100.0
46,2020,junior_college,전문대학(2년제),경북과학대학교,기존,본교,경북,경북 칠곡군,사립,주야간,"경상북도 칠곡군 기산면 지산로 634 (봉산리, 경북과학대학교)",32,3529,821,1890,1655,0,235,244,53,76,0,32,128.346306,35.98173027,693.0,693.0,3297.0,693.0,100.0
47,2020,junior_college,전문대학(3년제),동남보건대학교,기존,본교,경기,경기 수원시,사립,주야간,"경기도 수원시 장안구 천천로74번길 50 (정자동, 동남보건대학)",42,20275,1793,5740,4794,0,946,4,121,254,0,61,126.98612820000001,37.29897646,1336.0,1336.0,17703.0,1336.0,100.0
48,2020,junior_college,전문대학(3년제),동부산대학교,기존,본교,부산,부산 해운대구,사립,주야간,"부산광역시 해운대구 운봉길 60 (반송동, 동부산대학교)",28,0,0,910,526,0,384,0,27,70,0,20,129.1490285,35.23274135,766.0,766.0,0.0,0.0,0.0
49,2020,junior_college,전문대학(3년제),동강대학교,기존,본교,광주,광주 북구,사립,주야간,"광주광역시 북구 동문대로 50 (풍향동, 동강대학교)",39,5964,1338,4015,3133,5,877,0,81,186,0,56,126.9219719,35.17029555,1286.0,1286.0,5457.0,1201.0,93.4
50,2020,junior_college,전문대학(3년제),동아방송예술대학교,기존,본교,경기,경기 안성시,사립,주간,"경기도 안성시 삼죽면 동아예대길 47 (진촌리, 동아방송예술대학교)",34,19614,1200,4281,3104,0,1177,11,81,238,0,70,127.35839540000002,37.05898584,823.0,823.0,18051.0,823.0,100.0
51,2020,junior_college,전문대학(3년제),동아보건대학교,기존,본교,전남,전남 영암군,사립,주야간,"전라남도 영암군 학산면 영산로 76-57 (독천리, 동아보건대학교)",26,3060,629,1950,1699,0,251,0,52,71,0,29,126.56764960000001,34.73084041,596.0,596.0,2742.0,553.0,92.8
52,2020,junior_college,전문대학(3년제),동양미래대학교,기존,본교,서울,서울 구로구,사립,주야간,"서울특별시 구로구 경인로 445 (고척동, 동양미래대학교)",54,20805,2833,10322,5854,0,4468,119,157,263,0,99,126.8681699,37.49999637,2135.0,2135.0,19376.0,2135.0,100.0
53,2020,junior_college,전문대학(2년제),동우대학,폐교,본교,강원,강원 속초시,사립,주야간,"강원도 속초시 도리원길 5 (노학동, 동우대학)",0,0,0,0,0,0,0,0,0,0,0,0,128.550452,38.19399464,,,,,
54,2020,junior_college,전문대학(3년제),동원대학교,기존,본교,경기,경기 광주시,사립,주야간,"경기도 광주시 곤지암읍 경충대로 26 (신촌리, 동원대학)",57,16089,1755,5459,3514,0,1945,97,99,180,0,58,127.39867029999999,37.32729548,1618.0,1618.0,15588.0,1542.0,95.3
55,2020,junior_college,전문대학(2년제),동의과학대학교,기존,본교,부산,부산 부산진구,사립,주야간,"부산광역시 부산진구 양지로 54 (양정동, 동의과학대학)",56,27433,2366,8911,5307,0,3604,18,148,313,0,102,129.07194479999998,35.16506982,2222.0,2222.0,25280.0,1872.0,84.2
56,2020,junior_college,전문대학(3년제),동주대학교,기존,본교,부산,부산 사하구,사립,주야간,"부산광역시 사하구 사리로55번길 16 (괴정동, 동주대학)",50,14746,1255,4318,3101,5,1212,1,95,218,0,47,128.99702140000002,35.10387729,1226.0,1226.0,13494.0,1071.0,87.4
57,2020,junior_college,전문대학(2년제),두원공과대학교,기존,본교,경기,경기 안성시,사립,주야간,"경기도 안성시 죽산면 관음당길 51 (장원리, 두원공과대학교)",62,17332,1718,7381,4222,0,3159,21,148,171,0,81,127.4224973,37.06440406,1907.0,1907.0,16713.0,1583.0,83.0
58,2020,junior_college,전문대학(3년제),마산대학교,기존,본교,경남,경남 창원시,사립,주야간,"경상남도 창원시 마산회원구 내서읍 함마대로 2640 (용담리, 마산대학)",41,20502,2152,7262,5571,0,1691,17,161,327,0,80,128.501817,35.25981178,2056.0,2056.0,20512.0,1858.0,90.4
59,2020,junior_college,전문대학(3년제),명지전문대학,기존,본교,서울,서울 서대문구,사립,주야간,"서울특별시 서대문구 가좌로 134 (홍은동, 명지전문대학)",97,38433,3424,9753,7068,11,2674,12,179,421,0,105,126.9258148,37.58458239,2644.0,2644.0,36417.0,2644.0,100.0
60,2020,junior_college,전문대학(3년제),목포과학대학교,기존,본교,전남,전남 목포시,사립,주야간,"전라남도 목포시 영산로 413-1 (상동, 목포과학대학)",47,2857,928,3774,2334,0,1440,30,72,85,0,38,126.409377,34.80762646,859.0,859.0,2644.0,859.0,100.0
61,2020,junior_college,전문대학(2년제),문경대학교,기존,본교,경북,경북 문경시,사립,주야간,"경상북도 문경시 호계면 대학길 161 (별암리, 문경대학)",15,1827,314,1112,890,0,222,1,31,66,0,42,128.1723453,36.65802007,281.0,281.0,1706.0,273.0,97.2
62,2020,junior_college,전문대학(3년제),배화여자대학교,기존,본교,서울,서울 종로구,사립,주야간,"서울특별시 종로구 필운대로1길 34 (필운동, 배화여자대학)",29,12429,1476,3277,2874,2,401,1,79,148,0,49,126.96526340000001,37.57929545,1208.0,1208.0,11764.0,1208.0,100.0
63,2020,junior_college,전문대학(2년제),백제예술대학교,기존,본교,전북,전북 완주군,사립,주간,"전라북도 완주군 봉동읍 백제대학로 171 (제내리, 백제예술대학교)",13,4006,607,1718,1214,0,504,0,36,81,0,36,127.1250598,35.99599537,627.0,627.0,3865.0,574.0,91.5
64,2020,junior_college,전문대학(2년제),부산경상대학교,기존,본교,부산,부산 연제구,사립,주야간,"부산광역시 연제구 고분로 170 (연산동, 부산경상대학)",77,7858,1153,3962,2625,0,1337,0,85,220,0,86,129.1004321,35.18404054,1287.0,992.0,6993.0,946.0,95.4
65,2020,junior_college,전문대학(2년제),부산여자대학교,기존,본교,부산,부산 부산진구,사립,주야간,"부산광역시 부산진구 진남로 506 (양정동, 부산여자대학)",24,8236,970,2827,2677,4,146,8,75,185,0,83,129.0738083,35.16854952,1090.0,1090.0,7487.0,886.0,81.3
66,2020,junior_college,전문대학(2년제),부산과학기술대학교,기존,본교,부산,부산 북구,사립,주야간,"부산광역시 북구 시랑로132번길 88 (구포동, 부산과학기술대학교)",72,15546,1355,6469,3563,1,2905,354,116,207,0,109,129.00289740000002,35.19420065,1406.0,1406.0,14241.0,1081.0,76.9
67,2020,junior_college,전문대학(2년제),부천대학교,기존,본교,경기,경기 부천시,사립,주야간,"경기도 부천시 원미구 신흥로56번길 25 (심곡동, 부천대학)",92,36481,3617,10445,7705,0,2740,78,193,407,0,101,126.77960700000001,37.49039252,2299.0,2299.0,33340.0,2299.0,100.0
68,2020,junior_college,전문대학(4년제),삼육보건대학교,기존,본교,서울,서울 동대문구,사립,주야간,서울특별시 동대문구 망우로 82 (휘경동),15,7941,528,1517,1331,0,186,6,44,88,0,63,127.06254240000001,37.58972578,396.0,396.0,6976.0,396.0,100.0
69,2020,junior_college,전문대학(2년제),상지영서대학교,폐교,본교,강원,강원 원주시,사립,주야간,"강원도 원주시 상지대길 84 (우산동, 상지영서대학교)",26,0,0,2004,1083,0,921,0,0,0,0,0,127.9327788,37.37107572,,,,,
70,2020,junior_college,전문대학(3년제),서영대학교,기존,본교,광주,광주 북구,사립,주야간,"광주광역시 북구 서강로 1 (운암동, 서영대학교)",92,13287,2408,7935,5221,0,2714,3,139,305,0,65,126.8691232,35.17658151,1742.0,1742.0,11880.0,1730.0,99.3
71,2020,junior_college,전문대학(4년제),서울여자간호대학교,기존,본교,서울,서울 서대문구,사립,주야간,"서울특별시 서대문구 간호대로 38 (홍제동, 서울여자간호대학)",2,3779,259,1002,934,0,68,0,28,60,0,26,126.9477574,37.59756961,168.0,168.0,2821.0,168.0,100.0
72,2020,junior_college,전문대학(3년제),서울예술대학교,기존,본교,경기,경기 안산시,사립,주간,"경기도 안산시 단원구 예술대학로 171 (고잔동, 서울예술대학)",17,23410,1158,4281,3101,0,1180,16,89,375,0,70,126.8356763,37.33499932,630.0,630.0,20494.0,630.0,100.0
73,2020,junior_college,전문대학(2년제),서일대학교,기존,본교,서울,서울 중랑구,사립,주야간,"서울특별시 중랑구 용마산로90길 28 (면목동, 서일대학)",92,32335,2629,8866,6055,0,2811,38,169,329,0,59,127.0971986,37.58607474,2145.0,2145.0,30012.0,2145.0,100.0
74,2020,junior_college,전문대학(3년제),성운대학교,기존,본교,경북,경북 영천시,사립,주간,"경상북도 영천시 신녕면 대학길 105 (화남리, 성덕대학교)",22,1265,747,1628,1602,0,26,84,49,64,0,33,128.761483,36.06391052,560.0,560.0,1028.0,559.0,99.8
75,2020,junior_college,전문대학(2년제),성심외국어대학,폐교,본교,부산,부산 해운대구,사립,주야간,"부산광역시 해운대구 반송순환로 142 (반송동, 영산대학교부산캠퍼스)",42,0,0,1241,0,0,1241,0,0,0,0,0,129.1562365,35.22441488,,,,,
76,2020,junior_college,전문대학(3년제),송원대학,폐교,본교,광주,광주 남구,사립,주야간,"광주광역시 남구 송암로 73 (송하동, 송원대학)",0,0,0,0,0,0,0,0,0,0,0,0,126.8758738,35.10907763,,,,,
77,2020,junior_college,전문대학(2년제),수원여자대학교,기존,본교,경기,경기 수원시,사립,주야간,"경기도 수원시 권선구 온정로 72 (오목천동, 수원여자대학)",44,17233,1829,4666,4367,0,299,0,117,211,0,61,126.96376940000002,37.25104498,1650.0,1650.0,16446.0,1650.0,100.0
78,2020,junior_college,전문대학(3년제),수원과학대학교,기존,본교,경기,경기 화성시,사립,주야간,"경기도 화성시 정남면 세자로 288 (보통리, 수원과학대학)",50,27377,2595,8649,5981,4,2664,4,145,182,0,62,126.9819443,37.19407401,2557.0,2557.0,26359.0,2370.0,92.7
79,2020,junior_college,전문대학(4년제),순천제일대학교,기존,본교,전남,전남 순천시,사립,주야간,"전라남도 순천시 제일대학길 17 (덕월동, 순천제일대학)",58,4304,1267,3958,2551,3,1404,20,76,133,0,75,127.4866321,34.93471782,1073.0,1073.0,3901.0,1048.0,97.7
80,2020,junior_college,전문대학(3년제),청암대학교,기존,본교,전남,전남 순천시,사립,주야간,"전라남도 순천시 녹색로 1641 (덕월동, 순천청암대학)",41,4688,1113,3469,2697,0,772,3,69,181,0,59,127.48913799999998,34.92645467,1051.0,1051.0,4304.0,979.0,93.1
81,2020,junior_college,전문대학(2년제),숭의여자대학교,기존,본교,서울,서울 중구,사립,주야간,"서울특별시 중구 소파로2길 10 (예장동, 숭의여자대학)",52,12719,1727,3673,3396,0,277,0,77,147,0,43,126.987229,37.55677019,1548.0,1548.0,12105.0,1548.0,100.0
82,2020,junior_college,전문대학(3년제),신구대학교,기존,본교,경기,경기 성남시,사립,주야간,"경기도 성남시 중원구 광명로 377 (금광동, 신구대학)",75,26695,2973,8818,6749,4,2065,2,174,311,0,62,127.16826950000001,37.45021306,2355.0,2355.0,24965.0,2355.0,100.0
83,2020,junior_college,전문대학(3년제),신성대학교,기존,본교,충남,충남 당진시,사립,주야간,"충청남도 당진시 정미면 대학로 1 (덕마리, 신성대학교)",45,11895,1537,5417,3678,0,1739,4,119,193,0,66,126.5953031,36.85194622,1506.0,1506.0,10658.0,1226.0,81.4
84,2020,junior_college,전문대학(2년제),신흥대학교,폐교,본교,경기,경기 의정부시,사립,주야간,"경기도 의정부시 호암로 95 (호원동, 신한대학교)",2,0,0,2,0,0,2,0,0,0,0,0,127.0454152,37.70900478,,,,,
85,2020,junior_college,전문대학(3년제),안동과학대학교,기존,본교,경북,경북 안동시,사립,주야간,"경상북도 안동시 서후면 서선길 189 (교리, 안동과학대학교)",37,6183,992,3628,2612,1,1015,19,89,153,0,140,128.65301350000001,36.59006695,960.0,960.0,5713.0,820.0,85.4
86,2020,junior_college,전문대학(2년제),신안산대학교,기존,본교,경기,경기 안산시,사립,주야간,"경기도 안산시 단원구 신안산대학로 135 (초지동, 안산공과대학)",34,16897,2008,6359,4071,0,2288,6,121,159,0,96,126.8096361,37.3106088,1850.0,1850.0,16087.0,1781.0,96.3
87,2020,junior_college,전문대학(3년제),안산대학교,기존,본교,경기,경기 안산시,사립,주야간,"경기도 안산시 상록구 안산대학로 155 (일동, 안산대학교)",41,16851,1862,5768,4550,6,1212,7,120,193,0,66,126.8735807,37.30945133,1544.0,1544.0,15172.0,1544.0,100.0
88,2020,junior_college,전문대학(3년제),연성대학교,기존,본교,경기,경기 안양시,사립,주야간,"경기도 안양시 만안구 양화로37번길 34 (안양동, 연성대학교)",71,36331,2746,8450,6030,0,2420,95,156,243,0,74,126.9073882,37.39680891,2341.0,2341.0,34811.0,2341.0,100.0
89,2020,junior_college,전문대학(2년제),동원과학기술대학교,기존,본교,경남,경남 양산시,사립,주야간,"경상남도 양산시 명곡로 321 (명곡동, 동원과학기술대학교)",41,6255,997,3237,2285,11,941,50,61,153,0,48,129.068859,35.34311918,802.0,802.0,5626.0,733.0,91.4
90,2020,junior_college,전문대학(2년제),여주대학교,기존,본교,경기,경기 여주시,사립,주야간,"경기도 여주시 세종로 338 (교동, 여주대학)",90,23564,2247,7814,5357,0,2457,7,163,268,0,117,127.63248290000001,37.26996858,2155.0,1939.0,22404.0,1781.0,91.9
91,2020,junior_college,전문대학(3년제),연암공과대학교,기존,본교,경남,경남 진주시,사립,주야간,"경상남도 진주시 진주대로629번길 35 (가좌동, 연암공업대학)",7,3105,546,2571,1207,0,1364,0,40,81,0,44,128.10259240000002,35.16450071,502.0,502.0,3007.0,502.0,100.0
92,2020,junior_college,전문대학(2년제),연암대학교,기존,본교,충남,충남 천안시,사립,주야간,"충청남도 천안시 서북구 성환읍 연암로 313 (수향리, 천안연암대학)",7,2753,575,1530,1105,0,425,0,33,59,0,79,127.15991409999998,36.946476700000005,483.0,483.0,2629.0,483.0,100.0
93,2020,junior_college,전문대학(2년제),영남이공대학교,기존,본교,대구,대구 남구,사립,주야간,"대구광역시 남구 현충로 170 (대명동, 영남이공대학)",46,17132,2646,9139,5911,0,3228,182,144,532,0,141,128.5816193,35.84745948,2243.0,2243.0,15489.0,2106.0,93.9
94,2020,junior_college,전문대학(3년제),강릉영동대학교,기존,본교,강원,강원 강릉시,사립,주야간,"강원도 강릉시 공제로 357 (홍제동, 강릉영동대학)",39,4471,950,4509,2663,0,1846,9,82,119,0,53,128.8556509,37.74798886,1027.0,1027.0,3994.0,801.0,78.0
95,2020,junior_college,전문대학(4년제),세경대학교,기존,본교,강원,강원 영월군,사립,주야간,"강원도 영월군 영월읍 하송로 197 (하송리, 세경대학)",27,2718,524,1301,1040,0,261,0,30,56,0,34,128.4542815,37.17280052,463.0,463.0,2529.0,463.0,100.0
96,2020,junior_college,전문대학(2년제),영진전문대학교,기존,본교,대구,대구 북구,사립,주야간,"대구광역시 북구 복현로 35 (복현동, 영진전문대학)",57,31397,3749,13224,7988,0,5236,426,217,508,0,133,128.6209384,35.89680773,2631.0,2631.0,28588.0,2631.0,100.0
97,2020,junior_college,전문대학(3년제),오산대학교,기존,본교,경기,경기 오산시,사립,주야간,"경기도 오산시 청학로 45 (청학동, 오산대학)",62,18698,2539,7803,5158,15,2630,2,131,352,0,74,127.0608939,37.15626225,2132.0,2132.0,17737.0,2091.0,98.1
98,2020,junior_college,전문대학(3년제),용인송담대학교,기존,본교,경기,경기 용인시,사립,주야간,"경기도 용인시 처인구 동부로 61 (마평동, 용인송담대학)",56,18338,1775,6037,3902,0,2135,46,110,197,0,65,127.218502,37.22781421,1678.0,1678.0,17695.0,1608.0,95.8
99,2020,junior_college,전문대학(3년제),울산과학대학교,기존,본교,울산,울산 동구,사립,주야간,"울산광역시 동구 봉수로 101 (화정동, 울산과학대학동부캠퍼스)",66,9927,2237,8400,5720,14,2666,138,144,333,0,87,129.4168361,35.49574866,1743.0,1743.0,8945.0,1711.0,98.2
100,2020,junior_college,전문대학(3년제),한국영상대학교,기존,본교,세종,세종 ,사립,주야간,"세종특별자치시 장군면 대학길 300 (금암리, 한국영상대학교)",50,7132,1433,4706,3410,10,1286,116,96,256,0,73,127.21248519999999,36.46070848,1169.0,1169.0,6667.0,1124.0,96.2
101,2020,junior_college,전문대학(3년제),원광보건대학교,기존,본교,전북,전북 익산시,사립,주야간,"전라북도 익산시 익산대로 514 (신용동, 원광보건대학)",47,10821,1911,6754,4593,0,2161,45,126,250,0,60,126.956195,35.97274603,1498.0,1498.0,9385.0,1498.0,100.0
102,2020,junior_college,전문대학(2년제),유한대학교,기존,본교,경기,경기 부천시,사립,주야간,"경기도 부천시 소사구 경인로 590 (괴안동, 유한대학)",65,24476,2293,7880,4856,4,3020,2,133,291,0,66,126.82197920000002,37.48684077,2040.0,2040.0,23469.0,2040.0,100.0
103,2020,junior_college,전문대학(2년제),인덕대학교,기존,본교,서울,서울 노원구,사립,주야간,"서울특별시 노원구 초안산로 12 (월계동, 인덕대학)",72,26176,2834,9133,6382,10,2741,26,156,279,0,65,127.05598290000002,37.63019529,2280.0,2280.0,24575.0,2280.0,100.0
104,2020,junior_college,전문대학(3년제),인하공업전문대학,기존,본교,인천,인천 미추홀구,사립,주야간,"인천광역시 미추홀구 인하로 100 (용현동, 인하대,인하공전,정석항공고)",69,32524,3330,11324,6886,0,4438,72,174,274,0,119,126.6501618,37.44973226,2692.0,2692.0,30760.0,2692.0,100.0
105,2020,junior_college,전문대학(2년제),장안대학교,기존,본교,경기,경기 화성시,사립,주야간,"경기도 화성시 봉담읍 삼천병마로 1182 (상리, 장안대학)",58,24254,2597,7980,5535,0,2445,3,151,298,0,40,126.94634920000001,37.21078389,2444.0,2444.0,23523.0,2330.0,95.3
106,2020,junior_college,전문대학(2년제),전남과학대학교,기존,본교,전남,전남 곡성군,사립,주야간,전라남도 곡성군 옥과면 대학로 113 (옥과리),53,5877,1734,4357,3976,2,379,25,105,200,0,63,127.13202,35.27652716,1279.0,1279.0,4801.0,1227.0,95.9
107,2020,junior_college,전문대학(2년제),전주비전대학교,기존,본교,전북,전북 전주시,사립,주야간,"전라북도 전주시 완산구 천잠로 235 (효자동2가, 전주비전대학)",60,8770,1576,5145,3587,4,1554,168,91,273,0,83,127.08808219999999,35.80785288,1098.0,1098.0,7538.0,1087.0,99.0
108,2020,junior_college,전문대학(2년제),전북과학대학교,기존,본교,전북,전북 정읍시,사립,주야간,"전라북도 정읍시 정읍사로 509 (시기동, 전북과학대학)",27,2307,744,1862,1717,1,144,165,50,82,0,41,126.8607168,35.55019118,637.0,637.0,2092.0,637.0,100.0
109,2020,junior_college,전문대학(2년제),제주관광대학교,기존,본교,제주,제주 제주시,사립,주야간,"제주특별자치도 제주시 애월읍 평화로 2715 (광령리, 제주관광대학)",32,2960,846,3041,2230,0,811,299,71,175,0,57,126.4343027,33.44747985,923.0,923.0,2522.0,777.0,84.2
110,2020,junior_college,전문대학(2년제),조선이공대학교,기존,본교,광주,광주 동구,사립,주야간,"광주광역시 동구 필문대로 309-1 (서석동, 조선이공대학)",70,9370,1698,6220,3355,0,2865,43,100,260,0,52,126.93005590000001,35.138658,1492.0,1492.0,8948.0,1454.0,97.5
111,2020,junior_college,전문대학(4년제),조선간호대학교,기존,본교,광주,광주 동구,사립,주간,"광주광역시 동구 필문대로 309-2 (서석동, 조선간호대학교)",1,1506,193,836,771,0,65,0,26,23,0,24,126.92877340000001,35.13780995,139.0,139.0,1059.0,139.0,100.0
112,2020,junior_college,전문대학(2년제),충북보건과학대학교,기존,본교,충북,충북 청주시,사립,주야간,"충청북도 청주시 청원구 내수읍 덕암길 10 (덕암리, 충북보건과학대학교)",32,7585,1165,3935,2690,0,1245,1,85,144,0,61,127.55295,36.70274933,1092.0,1092.0,7184.0,970.0,88.8
113,2020,junior_college,전문대학(3년제),진주보건대학교,기존,본교,경남,경남 진주시,사립,주야간,"경상남도 진주시 의병로 51 (상봉동, 진주보건대학)",14,4139,993,3283,2878,0,405,0,79,133,0,33,128.0665515,35.19753491,782.0,782.0,3598.0,765.0,97.8
114,2020,junior_college,전문대학(3년제),창원문성대학교,기존,본교,경남,경남 창원시,사립,주야간,"경상남도 창원시 의창구 충혼로 91 (두대동, 창원문성대학)",92,6243,989,4312,2712,0,1600,5,85,106,0,45,128.66074129999998,35.23252105,1218.0,1218.0,5743.0,883.0,72.5
115,2020,junior_college,전문대학(4년제),백석문화대학교,기존,본교,충남,충남 천안시,사립,주야간,"충청남도 천안시 동남구 문암로 58 (안서동, 백석문화대학교)",40,17633,2478,7896,5754,1,2141,14,186,332,0,75,127.1802055,36.84044982,2278.0,2278.0,16809.0,2195.0,96.4
116,2020,junior_college,전문대학(3년제),청강문화산업대학교,기존,본교,경기,경기 이천시,사립,주간,"경기도 이천시 마장면 청강가창로 389-94 (해월리, 청강문화산업대학)",31,10647,1474,5123,3842,13,1268,4,108,216,0,95,127.35665829999999,37.20632235,1182.0,1182.0,10104.0,1182.0,100.0
117,2020,junior_college,전문대학(3년제),춘해보건대학교,기존,본교,울산,울산 울주군,사립,주야간,"울산광역시 울주군 웅촌면 대학길 9 (곡천리, 춘해보건대학)",22,10286,921,3171,2748,0,423,1,74,123,0,35,129.19752490000002,35.45830282,670.0,670.0,9168.0,650.0,97.0
118,2020,junior_college,전문대학(2년제),대덕대학교,기존,본교,대전,대전 유성구,사립,주야간,"대전광역시 유성구 가정북로 68 (장동, 대덕대학교)",81,9895,1742,5744,3741,0,2003,2,99,215,0,66,127.3655655,36.39132357,1939.0,1939.0,9590.0,1517.0,78.2
119,2020,junior_college,전문대학(2년제),충청대학교,기존,본교,충북,충북 청주시,사립,주야간,"충청북도 청주시 흥덕구 강내면 월곡길 38 (월곡리, 충청대학)",84,9631,1645,5690,3914,0,1776,9,114,318,0,75,127.36820970000001,36.61812578,1602.0,1602.0,9149.0,1434.0,89.5
120,2020,junior_college,전문대학(2년제),강원관광대학교,기존,본교,강원,강원 태백시,사립,주야간,"강원도 태백시 대학길 97 (황지동, 강원관광대학)",30,429,429,1688,1012,0,676,0,24,33,0,33,128.9756562,37.16270077,475.0,475.0,1893.0,350.0,73.7
121,2020,junior_college,전문대학(2년제),국제대학교,기존,본교,경기,경기 평택시,사립,주야간,"경기도 평택시 장안웃길 56 (장안동, 국제대학교)",57,20606,1781,6034,3857,0,2177,142,105,164,0,56,127.08034170000002,37.06516315,1734.0,1734.0,20113.0,1674.0,96.5
122,2020,junior_college,전문대학(3년제),선린대학교,기존,본교,경북,경북 포항시,사립,주야간,"경상북도 포항시 북구 흥해읍 초곡길36번길 30 (초곡리, 선린대학)",42,4084,882,3108,2330,0,778,12,72,123,0,36,129.3329765,36.09237838,794.0,794.0,3670.0,721.0,90.8
123,2020,junior_college,전문대학(3년제),포항대학교,기존,본교,경북,경북 포항시,사립,주야간,"경상북도 포항시 북구 흥해읍 신덕로 60 (죽천리, 포항대학교)",40,3227,762,2437,1823,0,614,37,63,93,0,63,129.41215590000002,36.08577602,721.0,721.0,2936.0,665.0,92.2
124,2020,junior_college,전문대학(3년제),제주한라대학교,기존,본교,제주,제주 제주시,사립,주야간,"제주특별자치도 제주시 한라대학로 38 (노형동, 제주한라대학)",83,4508,2189,10019,6274,7,3738,994,151,375,0,138,126.47583020000002,33.47681066,1622.0,1622.0,3470.0,1622.0,100.0
125,2020,junior_college,전문대학(3년제),한림성심대학교,기존,본교,강원,강원 춘천시,사립,주야간,"강원도 춘천시 동면 장학길 48 (장학리, 한림성심대학교)",68,5820,1317,4782,3012,0,1770,18,80,184,0,49,127.7543511,37.90012387,1066.0,1066.0,5097.0,1040.0,97.6
126,2020,junior_college,전문대학(2년제),한양여자대학교,기존,본교,서울,서울 성동구,사립,주야간,"서울특별시 성동구 살곶이길 200 (사근동, 한양여자대학)",50,31905,3052,7421,6680,25,716,47,180,440,0,89,127.048996,37.55841379,2521.0,2521.0,30363.0,2521.0,100.0
127,2020,junior_college,전문대학(2년제),한영대학교,기존,본교,전남,전남 여수시,사립,주야간,"전라남도 여수시 장군산길 18-43 (여서동, 한영대학)",13,2053,702,1761,1372,0,389,0,40,90,0,28,127.714749,34.75396275,565.0,565.0,1819.0,565.0,100.0
128,2020,junior_college,전문대학(3년제),혜전대학교,기존,본교,충남,충남 홍성군,사립,주야간,충청남도 홍성군 홍성읍 대학1길 19 (남장리),34,9429,1068,3698,2635,0,1063,3,79,175,0,54,126.6591963,36.57977148,1128.0,1128.0,8933.0,892.0,79.1
129,2020,junior_college,전문대학(2년제),경기과학기술대학교,기존,본교,경기,경기 시흥시,사립,주야간,"경기도 시흥시 경기과기대로 269 (정왕동, 경기과학기술대학교)",72,14525,2351,7870,4712,58,3100,54,116,249,0,61,126.736429,37.33881369,1468.0,1468.0,13007.0,1468.0,100.0
130,2020,junior_college,전문대학(2년제),부산예술대학교,기존,본교,부산,부산 남구,사립,주간,"부산광역시 남구 못골번영로71번길 74 (대연동, 부산예술대학)",11,1185,345,939,682,0,257,0,22,105,0,19,129.08369869999999,35.14272155,451.0,451.0,1137.0,320.0,71.0
131,2020,junior_college,전문대학(2년제),전남도립대학교,기존,본교,전남,전남 담양군,공립,주간,"전라남도 담양군 담양읍 죽녹원로 152 (향교리, 전남도립대학)",29,2401,681,1884,1339,0,545,2,45,133,0,33,126.99247959999998,35.32618203,705.0,705.0,2309.0,647.0,91.8
132,2020,junior_college,전문대학(2년제),송호대학교,기존,본교,강원,강원 횡성군,사립,주야간,"강원도 횡성군 횡성읍 남산로 210 (남산리, 송호대학교)",28,2616,406,1358,946,0,412,17,31,62,0,56,127.9998294,37.47321487,329.0,328.0,2396.0,310.0,94.5
133,2020,junior_college,전문대학(2년제),한국관광대학교,기존,본교,경기,경기 이천시,사립,주간,"경기도 이천시 신둔면 이장로311번길 197-73 (고척리, 한국관광대학)",18,11259,1039,2694,1973,1,720,3,51,75,0,53,127.37746570000002,37.28311838,930.0,930.0,10866.0,917.0,98.6
134,2020,junior_college,전문대학(3년제),서정대학교,기존,본교,경기,경기 양주시,사립,주야간,"경기도 양주시 은현면 화합로 1049-56 (용암리, 서정대학)",50,11414,2679,9808,5412,0,4396,671,144,336,0,79,127.0378029,37.85646545,1422.0,1422.0,9387.0,1422.0,100.0
135,2020,junior_college,전문대학(2년제),송곡대학교,기존,본교,강원,강원 춘천시,사립,주야간,"강원도 춘천시 남산면 송곡대학길 34 (창촌리, 송곡대학교)",10,2506,230,783,635,1,147,0,24,58,0,46,127.64936509999998,37.79200333,200.0,200.0,2144.0,196.0,98.0
136,2020,junior_college,전문대학(3년제),웅지세무대학교,기존,본교,경기,경기 파주시,사립,주간,"경기도 파주시 탄현면 웅지로144번길 73 (금승리, 웅지세무대학)",8,965,272,1979,1103,0,876,0,44,11,1,35,126.73649109999998,37.81778747,599.0,599.0,930.0,268.0,44.7
137,2020,junior_college,전문대학(3년제),김해대학교,기존,본교,경남,경남 김해시,사립,주야간,"경상남도 김해시 삼안로112번길 198 (삼방동, 김해대학교)",25,3888,549,1800,1471,0,329,0,45,72,0,48,128.91364109999998,35.25231988,488.0,488.0,3367.0,479.0,98.2
138,2020,junior_college,전문대학(2년제),한국승강기대학교,기존,본교,경남,경남 거창군,사립,주간,"경상남도 거창군 거창읍 운정1길 120 (송정리, 한국승강기대학)",2,1150,336,1470,635,0,835,13,21,44,0,24,127.8968382,35.67535335,297.0,297.0,1017.0,297.0,100.0
139,2020,junior_college,전문대학(3년제),한국농수산대학,기존,본교,전북,전북 전주시,특별법국립,주간,"전라북도 전주시 덕진구 콩쥐팥쥐로 1515 (중동, 한국농수산대학)",33,2468,660,1884,1673,0,211,0,55,88,0,169,127.0636078,35.82756038,,,,,
140,2020,junior_college,전문대학(3년제),한국골프대학교,기존,본교,강원,강원 횡성군,사립,주간,"강원도 횡성군 우천면 하대5길 109 (하대리, 한국골프대학교)",6,353,196,776,441,0,335,7,16,22,0,27,128.0766705,37.46714679,160.0,160.0,313.0,160.0,100.0
141,2020,junior_college,기능대학,ICT폴리텍대학,기존,본교,경기,경기 광주시,사립,주간,"경기도 광주시 순암로 16-26 (역동, ICT폴리텍대학)",4,169,169,600,307,0,293,0,17,6,0,29,127.24757549999998,37.39662845,160.0,160.0,716.0,160.0,100.0
142,2020,junior_college,기능대학,한국폴리텍 I 대학 서울정수캠퍼스,기존,본교,서울,서울 용산구,사립,주야간,"서울특별시 용산구 보광로 73 (보광동, 한국폴리텍1대학서울정수캠퍼스)",20,2692,733,2229,1468,0,761,1,78,61,0,40,126.9971127,37.52923253,565.0,565.0,2330.0,565.0,100.0
143,2020,junior_college,기능대학,한국폴리텍 I 대학 서울강서캠퍼스,기존,본교,서울,서울 강서구,사립,주간,"서울특별시 강서구 우장산로10길 112 (화곡동, 한국폴리텍대학서울강서캠퍼스)",11,1139,294,738,546,0,192,0,29,36,0,28,126.8442913,37.54974563,260.0,260.0,1012.0,259.0,99.6
144,2020,junior_college,기능대학,한국폴리텍 I 대학 성남캠퍼스,기존,본교,경기,경기 성남시,사립,주야간,"경기도 성남시 수정구 수정로 398 (산성동, 한국폴리텍I대학성남캠퍼스)",13,1372,440,1545,910,0,635,0,49,42,0,30,127.15339250000001,37.45889454,415.0,402.0,1249.0,402.0,100.0
145,2020,junior_college,기능대학,한국폴리텍 I 대학 제주캠퍼스,기존,본교,제주,제주 제주시,사립,주간,"제주특별자치도 제주시 산천단동3길 2 (아라일동, 한국폴리택대학제주캠퍼스)",1,54,28,70,47,0,23,1,6,5,0,23,126.5600436,33.44810451,25.0,25.0,48.0,25.0,100.0
146,2020,junior_college,기능대학,한국폴리텍 II 대학 인천캠퍼스,기존,본교,인천,인천 부평구,사립,주야간,"인천광역시 부평구 무네미로448번길 56 (구산동, 한국폴리텍Ⅱ대학)",29,3599,1044,3264,2144,0,1120,0,89,120,0,51,126.75531699999999,37.48035411,860.0,860.0,3078.0,859.0,99.9
147,2020,junior_college,기능대학,한국폴리텍 II 대학 남인천캠퍼스,기존,본교,인천,인천 미추홀구,사립,주간,"인천광역시 미추홀구 염전로333번길 23 (주안동, 한국폴리텍대학남인천캠퍼스)",1,74,30,30,29,0,1,0,4,1,0,29,126.67690890000002,37.471700399999996,25.0,25.0,61.0,25.0,100.0
148,2020,junior_college,기능대학,한국폴리텍 특성화대학 반도체융합캠퍼스,학교명 변경,본교,경기,경기 안성시,사립,주간,"경기도 안성시 공도읍 송원길 41-12 (만정리, 한국폴리텍대학안성캠퍼스)",10,375,359,1087,700,0,387,0,31,46,0,31,127.1753807,37.00831385,330.0,780.0,322.0,322.0,41.3
149,2020,junior_college,기능대학,한국폴리텍 III 대학 춘천캠퍼스,기존,본교,강원,강원 춘천시,사립,주간,"강원도 춘천시 동산면 영서로 1290-31 (원창리, 한국폴리텍Ⅲ대학)",6,480,144,445,277,0,168,0,17,24,0,47,127.7805732,37.79972933,125.0,124.0,426.0,124.0,100.0
150,2020,junior_college,기능대학,한국폴리텍 III 대학 강릉캠퍼스,기존,본교,강원,강원 강릉시,사립,주간,"강원도 강릉시 남산초교길 121 (노암동, 한국폴리텍3대학)",2,186,70,201,125,0,76,0,15,14,0,26,128.8902497,37.73814054,60.0,60.0,158.0,58.0,96.7
151,2020,junior_college,기능대학,한국폴리텍 III 대학 원주캠퍼스,기존,본교,강원,강원 원주시,사립,주야간,"강원도 원주시 북원로2425번길 73 (우산동, 한국폴리텍3대학)",2,57,57,96,80,0,16,0,9,6,0,28,127.93426310000001,37.36319564,50.0,50.0,50.0,50.0,100.0
152,2020,junior_college,기능대학,한국폴리텍 IV 대학 대전캠퍼스,기존,본교,대전,대전 동구,사립,주야간,"대전광역시 동구 우암로 352-21 (가양동, 한국폴리텍대학대전캠퍼스)",15,1397,453,1480,888,0,592,0,57,50,0,37,127.454342,36.35063312,410.0,410.0,1279.0,402.0,98.0
153,2020,junior_college,기능대학,한국폴리텍 IV 대학 청주캠퍼스,기존,본교,충북,충북 청주시,사립,주야간,"충청북도 청주시 흥덕구 산단로 54 (송정동, 한국폴리텍Ⅳ대학청주캠퍼스)",7,1351,364,1209,729,0,480,0,38,33,0,27,127.44898870000002,36.63831822,325.0,325.0,1252.0,325.0,100.0
154,2020,junior_college,기능대학,한국폴리텍 IV 대학 아산캠퍼스,기존,본교,충남,충남 아산시,사립,주간,"충청남도 아산시 신창면 행목로 45 (행목리, 한국폴리텍Ⅳ대학아산캠퍼스)",10,911,264,852,519,0,333,0,28,26,0,28,126.95089709999999,36.77165407,225.0,225.0,838.0,225.0,100.0
155,2020,junior_college,기능대학,한국폴리텍 IV 대학 홍성캠퍼스,기존,본교,충남,충남 홍성군,사립,주간,"충청남도 홍성군 홍성읍 충서로 1200 (남장리, 홍성기능대학)",4,273,110,400,226,0,174,0,19,11,0,24,126.65705940000001,36.58381304,120.0,120.0,256.0,104.0,86.7
156,2020,junior_college,기능대학,한국폴리텍 V 대학 광주캠퍼스,기존,본교,광주,광주 북구,사립,주간,"광주광역시 북구 하서로 85 (운암동, 한국폴리텍V대학)",13,1831,412,1393,847,0,546,0,42,56,0,44,126.8797162,35.18352746,355.0,355.0,1692.0,355.0,100.0
157,2020,junior_college,기능대학,한국폴리텍 V 대학 김제캠퍼스,기존,본교,전북,전북 김제시,사립,주간,"전라북도 김제시 백학제길 154 (백학동, 한국폴리텍V대학)",8,603,258,798,486,0,312,0,30,26,0,26,126.93932079999999,35.81176819,,,,,
158,2020,junior_college,기능대학,한국폴리텍 V 대학 목포캠퍼스,기존,본교,전남,전남 무안군,사립,주야간,"전라남도 무안군 청계면 영산로 1854-16 (상마리, 한국폴리텍V대학목포캠퍼스)",8,290,1,453,236,0,217,0,16,19,0,27,126.4297321,34.92176288,,,,,
159,2020,junior_college,기능대학,한국폴리텍 V 대학 익산캠퍼스,기존,본교,전북,전북 익산시,사립,주간,"전라북도 익산시 선화로 579 (어양동, 한국폴리텍V대학)",4,167,77,194,137,0,57,0,11,9,0,28,126.9908091,35.95193596,50.0,50.0,137.0,50.0,100.0
160,2020,junior_college,기능대학,한국폴리텍 V 대학 순천캠퍼스,기존,본교,전남,전남 순천시,사립,주야간,"전라남도 순천시 기적의도서관1길 41 (조례동, 한국폴리텍대학순천캠퍼스)",1,7,7,18,18,0,0,0,5,3,0,25,127.5256023,34.95183113,0.0,0.0,0.0,0.0,0.0
161,2020,junior_college,기능대학,한국폴리텍 VI 대학 대구캠퍼스,기존,본교,대구,대구 서구,사립,주야간,"대구광역시 서구 국채보상로43길 15 (평리동, 한국폴리텍6대학)",10,906,331,1100,706,0,394,0,38,45,0,48,128.5534829,35.87413224,330.0,330.0,831.0,298.0,90.3
162,2020,junior_college,기능대학,한국폴리텍 VI 대학 구미캠퍼스,기존,본교,경북,경북 구미시,사립,주야간,경상북도 구미시 수출대로3길 84 (공단동),7,579,267,873,530,0,343,0,35,51,0,31,128.37221029999998,36.11739784,260.0,260.0,539.0,247.0,95.0
163,2020,junior_college,기능대학,한국폴리텍 Ⅵ 대학 영주캠퍼스,기존,본교,경북,경북 영주시,사립,주간,"경상북도 영주시 가흥로 2 (문정동, 한국폴리텍VI대학)",1,58,28,94,54,0,40,4,6,5,0,24,128.6014516,36.80109181,,,,,
164,2020,junior_college,기능대학,한국폴리텍 VII 대학 창원캠퍼스,기존,본교,경남,경남 창원시,사립,주야간,"경상남도 창원시 성산구 외동반림로 51-88 (중앙동, 한국폴리텍VII대학)",21,2181,782,2363,1497,0,866,1,67,82,0,55,128.6683855,35.22676713,605.0,605.0,1866.0,605.0,100.0
165,2020,junior_college,기능대학,한국폴리텍 VII 대학 부산캠퍼스,기존,본교,부산,부산 북구,사립,주야간,"부산광역시 북구 만덕대로155번길 99 (덕천동, 한국폴리텍VII대학부산캠퍼스)",14,1199,437,1485,873,0,612,0,42,50,0,28,129.0183702,35.21927845,385.0,385.0,1068.0,384.0,99.7
166,2020,junior_college,기능대학,한국폴리텍 VII 대학 울산캠퍼스,기존,본교,울산,울산 중구,사립,주야간,"울산광역시 중구 산전길 155 (동동, 한국폴리텍7대학울산캠퍼스)",8,875,377,1149,722,0,427,2,31,50,0,29,129.3480049,35.57923446,325.0,325.0,774.0,325.0,100.0
167,2020,junior_college,기능대학,한국폴리텍 특성화대학 바이오캠퍼스,기존,본교,충남,충남 논산시,사립,주간,"충청남도 논산시 강경읍 동안로112번길 48 (채운리, 한국폴리텍바이오대학)",7,571,212,578,390,0,188,0,34,15,0,33,127.0210098,36.14509476,180.0,180.0,472.0,180.0,100.0
168,2020,junior_college,기능대학,한국폴리텍 VI 대학 영남융합기술캠퍼스,기존,본교,대구,대구 동구,사립,주간,대구광역시 동구 팔공로 222 (봉무동),9,290,120,280,217,0,63,0,29,20,0,27,128.64329890000002,35.91975896,175.0,175.0,281.0,114.0,65.1
169,2020,junior_college,기능대학,한국폴리텍 특성화대학 항공캠퍼스,기존,본교,경남,경남 사천시,사립,주간,"경상남도 사천시 대학길 46 (이금동, 한국폴리텍항공대학)",6,1210,248,1027,539,0,488,0,23,31,0,27,128.1079872,34.94784944,240.0,240.0,1102.0,220.0,91.7
